tenant,role,module,action,method,route,expected,ok,status
TENANT_A,none,clientes,read:list,GET,/api/clientes,deny,false,500
TENANT_A,read,clientes,read:list,GET,/api/clientes,allow,false,500
TENANT_A,editor,clientes,read:list,GET,/api/clientes,allow,false,500
TENANT_A,admin,clientes,read:list,GET,/api/clientes,allow,false,500
TENANT_B,none,clientes,read:list,GET,/api/clientes,deny,false,500
TENANT_B,read,clientes,read:list,GET,/api/clientes,allow,false,500
TENANT_B,editor,clientes,read:list,GET,/api/clientes,allow,false,500
TENANT_B,admin,clientes,read:list,GET,/api/clientes,allow,false,500
TENANT_A,none,clientes,create,POST,/api/clientes,deny,false,500
TENANT_A,read,clientes,create,POST,/api/clientes,deny,false,500
TENANT_A,editor,clientes,create,POST,/api/clientes,allow,false,500
TENANT_A,admin,clientes,create,POST,/api/clientes,allow,false,500
TENANT_B,none,clientes,create,POST,/api/clientes,deny,false,500
TENANT_B,read,clientes,create,POST,/api/clientes,deny,false,500
TENANT_B,editor,clientes,create,POST,/api/clientes,allow,false,500
TENANT_B,admin,clientes,create,POST,/api/clientes,allow,false,500
TENANT_A,none,clientes,update,PUT,/api/clientes,deny,false,500
TENANT_A,read,clientes,update,PUT,/api/clientes,deny,false,500
TENANT_A,editor,clientes,update,PUT,/api/clientes,allow,false,500
TENANT_A,admin,clientes,update,PUT,/api/clientes,allow,false,500
TENANT_B,none,clientes,update,PUT,/api/clientes,deny,false,500
TENANT_B,read,clientes,update,PUT,/api/clientes,deny,false,500
TENANT_B,editor,clientes,update,PUT,/api/clientes,allow,false,500
TENANT_B,admin,clientes,update,PUT,/api/clientes,allow,false,500
TENANT_A,none,clientes,delete,DELETE,/api/clientes,deny,false,500
TENANT_A,read,clientes,delete,DELETE,/api/clientes,deny,false,500
TENANT_A,editor,clientes,delete,DELETE,/api/clientes,deny,false,500
TENANT_A,admin,clientes,delete,DELETE,/api/clientes,allow,false,500
TENANT_B,none,clientes,delete,DELETE,/api/clientes,deny,false,500
TENANT_B,read,clientes,delete,DELETE,/api/clientes,deny,false,500
TENANT_B,editor,clientes,delete,DELETE,/api/clientes,deny,false,500
TENANT_B,admin,clientes,delete,DELETE,/api/clientes,allow,false,500
TENANT_A,none,guardias,read:list,GET,/api/guardias,deny,false,500
TENANT_A,read,guardias,read:list,GET,/api/guardias,allow,false,500
TENANT_A,editor,guardias,read:list,GET,/api/guardias,allow,false,500
TENANT_A,admin,guardias,read:list,GET,/api/guardias,allow,false,500
TENANT_B,none,guardias,read:list,GET,/api/guardias,deny,false,500
TENANT_B,read,guardias,read:list,GET,/api/guardias,allow,false,500
TENANT_B,editor,guardias,read:list,GET,/api/guardias,allow,false,500
TENANT_B,admin,guardias,read:list,GET,/api/guardias,allow,false,500
TENANT_A,none,guardias,create,POST,/api/guardias,deny,false,500
TENANT_A,read,guardias,create,POST,/api/guardias,deny,false,500
TENANT_A,editor,guardias,create,POST,/api/guardias,allow,false,500
TENANT_A,admin,guardias,create,POST,/api/guardias,allow,false,500
TENANT_B,none,guardias,create,POST,/api/guardias,deny,false,500
TENANT_B,read,guardias,create,POST,/api/guardias,deny,false,500
TENANT_B,editor,guardias,create,POST,/api/guardias,allow,false,500
TENANT_B,admin,guardias,create,POST,/api/guardias,allow,false,500
TENANT_A,none,instalaciones,read:list,GET,/api/instalaciones,deny,false,500
TENANT_A,read,instalaciones,read:list,GET,/api/instalaciones,allow,false,500
TENANT_A,editor,instalaciones,read:list,GET,/api/instalaciones,allow,false,500
TENANT_A,admin,instalaciones,read:list,GET,/api/instalaciones,allow,false,500
TENANT_B,none,instalaciones,read:list,GET,/api/instalaciones,deny,false,500
TENANT_B,read,instalaciones,read:list,GET,/api/instalaciones,allow,false,500
TENANT_B,editor,instalaciones,read:list,GET,/api/instalaciones,allow,false,500
TENANT_B,admin,instalaciones,read:list,GET,/api/instalaciones,allow,false,500
TENANT_A,none,instalaciones,create,POST,/api/instalaciones,deny,false,500
TENANT_A,read,instalaciones,create,POST,/api/instalaciones,deny,false,500
TENANT_A,editor,instalaciones,create,POST,/api/instalaciones,allow,false,500
TENANT_A,admin,instalaciones,create,POST,/api/instalaciones,allow,false,500
TENANT_B,none,instalaciones,create,POST,/api/instalaciones,deny,false,500
TENANT_B,read,instalaciones,create,POST,/api/instalaciones,deny,false,500
TENANT_B,editor,instalaciones,create,POST,/api/instalaciones,allow,false,500
TENANT_B,admin,instalaciones,create,POST,/api/instalaciones,allow,false,500
TENANT_A,none,instalaciones,update,PUT,/api/instalaciones,deny,false,500
TENANT_A,read,instalaciones,update,PUT,/api/instalaciones,deny,false,500
TENANT_A,editor,instalaciones,update,PUT,/api/instalaciones,allow,false,500
TENANT_A,admin,instalaciones,update,PUT,/api/instalaciones,allow,false,500
TENANT_B,none,instalaciones,update,PUT,/api/instalaciones,deny,false,500
TENANT_B,read,instalaciones,update,PUT,/api/instalaciones,deny,false,500
TENANT_B,editor,instalaciones,update,PUT,/api/instalaciones,allow,false,500
TENANT_B,admin,instalaciones,update,PUT,/api/instalaciones,allow,false,500
TENANT_A,none,instalaciones,delete,DELETE,/api/instalaciones,deny,false,500
TENANT_A,read,instalaciones,delete,DELETE,/api/instalaciones,deny,false,500
TENANT_A,editor,instalaciones,delete,DELETE,/api/instalaciones,deny,false,500
TENANT_A,admin,instalaciones,delete,DELETE,/api/instalaciones,allow,false,500
TENANT_B,none,instalaciones,delete,DELETE,/api/instalaciones,deny,false,500
TENANT_B,read,instalaciones,delete,DELETE,/api/instalaciones,deny,false,500
TENANT_B,editor,instalaciones,delete,DELETE,/api/instalaciones,deny,false,500
TENANT_B,admin,instalaciones,delete,DELETE,/api/instalaciones,allow,false,500
TENANT_A,none,pauta-diaria,read:list,GET,/api/pauta-diaria,deny,false,500
TENANT_A,read,pauta-diaria,read:list,GET,/api/pauta-diaria,deny,false,500
TENANT_A,editor,pauta-diaria,read:list,GET,/api/pauta-diaria,deny,false,500
TENANT_A,admin,pauta-diaria,read:list,GET,/api/pauta-diaria,deny,false,500
TENANT_B,none,pauta-diaria,read:list,GET,/api/pauta-diaria,deny,false,500
TENANT_B,read,pauta-diaria,read:list,GET,/api/pauta-diaria,deny,false,500
TENANT_B,editor,pauta-diaria,read:list,GET,/api/pauta-diaria,deny,false,500
TENANT_B,admin,pauta-diaria,read:list,GET,/api/pauta-diaria,deny,false,500
TENANT_A,none,pauta-mensual,read:list,GET,/api/pauta-mensual,deny,false,500
TENANT_A,read,pauta-mensual,read:list,GET,/api/pauta-mensual,deny,false,500
TENANT_A,editor,pauta-mensual,read:list,GET,/api/pauta-mensual,deny,false,500
TENANT_A,admin,pauta-mensual,read:list,GET,/api/pauta-mensual,deny,false,500
TENANT_B,none,pauta-mensual,read:list,GET,/api/pauta-mensual,deny,false,500
TENANT_B,read,pauta-mensual,read:list,GET,/api/pauta-mensual,deny,false,500
TENANT_B,editor,pauta-mensual,read:list,GET,/api/pauta-mensual,deny,false,500
TENANT_B,admin,pauta-mensual,read:list,GET,/api/pauta-mensual,deny,false,500
TENANT_A,none,clientes,read:detail,GET,/api/clientes/[id],deny,false,500
TENANT_A,read,clientes,read:detail,GET,/api/clientes/[id],allow,false,500
TENANT_A,editor,clientes,read:detail,GET,/api/clientes/[id],allow,false,500
TENANT_A,admin,clientes,read:detail,GET,/api/clientes/[id],allow,false,500
TENANT_B,none,clientes,read:detail,GET,/api/clientes/[id],deny,false,500
TENANT_B,read,clientes,read:detail,GET,/api/clientes/[id],allow,false,500
TENANT_B,editor,clientes,read:detail,GET,/api/clientes/[id],allow,false,500
TENANT_B,admin,clientes,read:detail,GET,/api/clientes/[id],allow,false,500
TENANT_A,none,clientes,update,PUT,/api/clientes/[id],deny,false,500
TENANT_A,read,clientes,update,PUT,/api/clientes/[id],deny,false,500
TENANT_A,editor,clientes,update,PUT,/api/clientes/[id],allow,false,500
TENANT_A,admin,clientes,update,PUT,/api/clientes/[id],allow,false,500
TENANT_B,none,clientes,update,PUT,/api/clientes/[id],deny,false,500
TENANT_B,read,clientes,update,PUT,/api/clientes/[id],deny,false,500
TENANT_B,editor,clientes,update,PUT,/api/clientes/[id],allow,false,500
TENANT_B,admin,clientes,update,PUT,/api/clientes/[id],allow,false,500
TENANT_A,none,guardias,read:list,GET,/api/guardias/buscar,deny,false,500
TENANT_A,read,guardias,read:list,GET,/api/guardias/buscar,allow,false,500
TENANT_A,editor,guardias,read:list,GET,/api/guardias/buscar,allow,false,500
TENANT_A,admin,guardias,read:list,GET,/api/guardias/buscar,allow,false,500
TENANT_B,none,guardias,read:list,GET,/api/guardias/buscar,deny,false,500
TENANT_B,read,guardias,read:list,GET,/api/guardias/buscar,allow,false,500
TENANT_B,editor,guardias,read:list,GET,/api/guardias/buscar,allow,false,500
TENANT_B,admin,guardias,read:list,GET,/api/guardias/buscar,allow,false,500
TENANT_A,none,guardias,read:list,GET,/api/guardias/conflictos,deny,false,500
TENANT_A,read,guardias,read:list,GET,/api/guardias/conflictos,allow,false,500
TENANT_A,editor,guardias,read:list,GET,/api/guardias/conflictos,allow,false,500
TENANT_A,admin,guardias,read:list,GET,/api/guardias/conflictos,allow,false,500
TENANT_B,none,guardias,read:list,GET,/api/guardias/conflictos,deny,false,500
TENANT_B,read,guardias,read:list,GET,/api/guardias/conflictos,allow,false,500
TENANT_B,editor,guardias,read:list,GET,/api/guardias/conflictos,allow,false,500
TENANT_B,admin,guardias,read:list,GET,/api/guardias/conflictos,allow,false,500
TENANT_A,none,guardias,update,PUT,/api/guardias/[id],deny,false,500
TENANT_A,read,guardias,update,PUT,/api/guardias/[id],deny,false,500
TENANT_A,editor,guardias,update,PUT,/api/guardias/[id],allow,false,500
TENANT_A,admin,guardias,update,PUT,/api/guardias/[id],allow,false,500
TENANT_B,none,guardias,update,PUT,/api/guardias/[id],deny,false,500
TENANT_B,read,guardias,update,PUT,/api/guardias/[id],deny,false,500
TENANT_B,editor,guardias,update,PUT,/api/guardias/[id],allow,false,500
TENANT_B,admin,guardias,update,PUT,/api/guardias/[id],allow,false,500
TENANT_A,none,guardias,read:detail,GET,/api/guardias/[id],deny,false,500
TENANT_A,read,guardias,read:detail,GET,/api/guardias/[id],allow,false,500
TENANT_A,editor,guardias,read:detail,GET,/api/guardias/[id],allow,false,500
TENANT_A,admin,guardias,read:detail,GET,/api/guardias/[id],allow,false,500
TENANT_B,none,guardias,read:detail,GET,/api/guardias/[id],deny,false,500
TENANT_B,read,guardias,read:detail,GET,/api/guardias/[id],allow,false,500
TENANT_B,editor,guardias,read:detail,GET,/api/guardias/[id],allow,false,500
TENANT_B,admin,guardias,read:detail,GET,/api/guardias/[id],allow,false,500
TENANT_A,none,guardias,update,PATCH,/api/guardias/[id],deny,false,500
TENANT_A,read,guardias,update,PATCH,/api/guardias/[id],deny,false,500
TENANT_A,editor,guardias,update,PATCH,/api/guardias/[id],allow,false,500
TENANT_A,admin,guardias,update,PATCH,/api/guardias/[id],allow,false,500
TENANT_B,none,guardias,update,PATCH,/api/guardias/[id],deny,false,500
TENANT_B,read,guardias,update,PATCH,/api/guardias/[id],deny,false,500
TENANT_B,editor,guardias,update,PATCH,/api/guardias/[id],allow,false,500
TENANT_B,admin,guardias,update,PATCH,/api/guardias/[id],allow,false,500
TENANT_A,none,guardias,delete,DELETE,/api/guardias/[id],deny,false,500
TENANT_A,read,guardias,delete,DELETE,/api/guardias/[id],deny,false,500
TENANT_A,editor,guardias,delete,DELETE,/api/guardias/[id],deny,false,500
TENANT_A,admin,guardias,delete,DELETE,/api/guardias/[id],allow,false,500
TENANT_B,none,guardias,delete,DELETE,/api/guardias/[id],deny,false,500
TENANT_B,read,guardias,delete,DELETE,/api/guardias/[id],deny,false,500
TENANT_B,editor,guardias,delete,DELETE,/api/guardias/[id],deny,false,500
TENANT_B,admin,guardias,delete,DELETE,/api/guardias/[id],allow,false,500
TENANT_A,none,guardias,read:list,GET,/api/guardias/disponibles,deny,false,500
TENANT_A,read,guardias,read:list,GET,/api/guardias/disponibles,allow,false,500
TENANT_A,editor,guardias,read:list,GET,/api/guardias/disponibles,allow,false,500
TENANT_A,admin,guardias,read:list,GET,/api/guardias/disponibles,allow,false,500
TENANT_B,none,guardias,read:list,GET,/api/guardias/disponibles,deny,false,500
TENANT_B,read,guardias,read:list,GET,/api/guardias/disponibles,allow,false,500
TENANT_B,editor,guardias,read:list,GET,/api/guardias/disponibles,allow,false,500
TENANT_B,admin,guardias,read:list,GET,/api/guardias/disponibles,allow,false,500
TENANT_A,none,guardias,read:list,GET,/api/guardias/guardia-metrics,deny,false,500
TENANT_A,read,guardias,read:list,GET,/api/guardias/guardia-metrics,allow,false,500
TENANT_A,editor,guardias,read:list,GET,/api/guardias/guardia-metrics,allow,false,500
TENANT_A,admin,guardias,read:list,GET,/api/guardias/guardia-metrics,allow,false,500
TENANT_B,none,guardias,read:list,GET,/api/guardias/guardia-metrics,deny,false,500
TENANT_B,read,guardias,read:list,GET,/api/guardias/guardia-metrics,allow,false,500
TENANT_B,editor,guardias,read:list,GET,/api/guardias/guardia-metrics,allow,false,500
TENANT_B,admin,guardias,read:list,GET,/api/guardias/guardia-metrics,allow,false,500
TENANT_A,none,guardias,create,POST,/api/guardias/permisos,deny,false,500
TENANT_A,read,guardias,create,POST,/api/guardias/permisos,deny,false,500
TENANT_A,editor,guardias,create,POST,/api/guardias/permisos,allow,false,500
TENANT_A,admin,guardias,create,POST,/api/guardias/permisos,allow,false,500
TENANT_B,none,guardias,create,POST,/api/guardias/permisos,deny,false,500
TENANT_B,read,guardias,create,POST,/api/guardias/permisos,deny,false,500
TENANT_B,editor,guardias,create,POST,/api/guardias/permisos,allow,false,500
TENANT_B,admin,guardias,create,POST,/api/guardias/permisos,allow,false,500
TENANT_A,none,guardias,read:list,GET,/api/guardias/permisos,deny,false,500
TENANT_A,read,guardias,read:list,GET,/api/guardias/permisos,allow,false,500
TENANT_A,editor,guardias,read:list,GET,/api/guardias/permisos,allow,false,500
TENANT_A,admin,guardias,read:list,GET,/api/guardias/permisos,allow,false,500
TENANT_B,none,guardias,read:list,GET,/api/guardias/permisos,deny,false,500
TENANT_B,read,guardias,read:list,GET,/api/guardias/permisos,allow,false,500
TENANT_B,editor,guardias,read:list,GET,/api/guardias/permisos,allow,false,500
TENANT_B,admin,guardias,read:list,GET,/api/guardias/permisos,allow,false,500
TENANT_A,none,instalaciones,read:list,GET,/api/instalaciones/kpis,deny,false,500
TENANT_A,read,instalaciones,read:list,GET,/api/instalaciones/kpis,allow,false,500
TENANT_A,editor,instalaciones,read:list,GET,/api/instalaciones/kpis,allow,false,500
TENANT_A,admin,instalaciones,read:list,GET,/api/instalaciones/kpis,allow,false,500
TENANT_B,none,instalaciones,read:list,GET,/api/instalaciones/kpis,deny,false,500
TENANT_B,read,instalaciones,read:list,GET,/api/instalaciones/kpis,allow,false,500
TENANT_B,editor,instalaciones,read:list,GET,/api/instalaciones/kpis,allow,false,500
TENANT_B,admin,instalaciones,read:list,GET,/api/instalaciones/kpis,allow,false,500
TENANT_A,none,instalaciones,read:detail,GET,/api/instalaciones/[id],deny,false,500
TENANT_A,read,instalaciones,read:detail,GET,/api/instalaciones/[id],allow,false,500
TENANT_A,editor,instalaciones,read:detail,GET,/api/instalaciones/[id],allow,false,500
TENANT_A,admin,instalaciones,read:detail,GET,/api/instalaciones/[id],allow,false,500
TENANT_B,none,instalaciones,read:detail,GET,/api/instalaciones/[id],deny,false,500
TENANT_B,read,instalaciones,read:detail,GET,/api/instalaciones/[id],allow,false,500
TENANT_B,editor,instalaciones,read:detail,GET,/api/instalaciones/[id],allow,false,500
TENANT_B,admin,instalaciones,read:detail,GET,/api/instalaciones/[id],allow,false,500
TENANT_A,none,instalaciones,read:list,GET,/api/instalaciones/documentos-vencidos,deny,false,500
TENANT_A,read,instalaciones,read:list,GET,/api/instalaciones/documentos-vencidos,allow,false,500
TENANT_A,editor,instalaciones,read:list,GET,/api/instalaciones/documentos-vencidos,allow,false,500
TENANT_A,admin,instalaciones,read:list,GET,/api/instalaciones/documentos-vencidos,allow,false,500
TENANT_B,none,instalaciones,read:list,GET,/api/instalaciones/documentos-vencidos,deny,false,500
TENANT_B,read,instalaciones,read:list,GET,/api/instalaciones/documentos-vencidos,allow,false,500
TENANT_B,editor,instalaciones,read:list,GET,/api/instalaciones/documentos-vencidos,allow,false,500
TENANT_B,admin,instalaciones,read:list,GET,/api/instalaciones/documentos-vencidos,allow,false,500
TENANT_A,none,pauta-mensual,update,PUT,/api/pauta-mensual/actualizar-celda,deny,false,500
TENANT_A,read,pauta-mensual,update,PUT,/api/pauta-mensual/actualizar-celda,deny,false,500
TENANT_A,editor,pauta-mensual,update,PUT,/api/pauta-mensual/actualizar-celda,allow,false,500
TENANT_A,admin,pauta-mensual,update,PUT,/api/pauta-mensual/actualizar-celda,allow,false,500
TENANT_B,none,pauta-mensual,update,PUT,/api/pauta-mensual/actualizar-celda,deny,false,500
TENANT_B,read,pauta-mensual,update,PUT,/api/pauta-mensual/actualizar-celda,deny,false,500
TENANT_B,editor,pauta-mensual,update,PUT,/api/pauta-mensual/actualizar-celda,allow,false,500
TENANT_B,admin,pauta-mensual,update,PUT,/api/pauta-mensual/actualizar-celda,allow,false,500
TENANT_A,none,pauta-mensual,create,POST,/api/pauta-mensual/crear,deny,false,500
TENANT_A,read,pauta-mensual,create,POST,/api/pauta-mensual/crear,deny,false,500
TENANT_A,editor,pauta-mensual,create,POST,/api/pauta-mensual/crear,deny,false,500
TENANT_A,admin,pauta-mensual,create,POST,/api/pauta-mensual/crear,deny,false,500
TENANT_B,none,pauta-mensual,create,POST,/api/pauta-mensual/crear,deny,false,500
TENANT_B,read,pauta-mensual,create,POST,/api/pauta-mensual/crear,deny,false,500
TENANT_B,editor,pauta-mensual,create,POST,/api/pauta-mensual/crear,deny,false,500
TENANT_B,admin,pauta-mensual,create,POST,/api/pauta-mensual/crear,deny,false,500
TENANT_A,none,pauta-mensual,delete,DELETE,/api/pauta-mensual/eliminar,deny,false,500
TENANT_A,read,pauta-mensual,delete,DELETE,/api/pauta-mensual/eliminar,deny,false,500
TENANT_A,editor,pauta-mensual,delete,DELETE,/api/pauta-mensual/eliminar,deny,false,500
TENANT_A,admin,pauta-mensual,delete,DELETE,/api/pauta-mensual/eliminar,deny,false,500
TENANT_B,none,pauta-mensual,delete,DELETE,/api/pauta-mensual/eliminar,deny,false,500
TENANT_B,read,pauta-mensual,delete,DELETE,/api/pauta-mensual/eliminar,deny,false,500
TENANT_B,editor,pauta-mensual,delete,DELETE,/api/pauta-mensual/eliminar,deny,false,500
TENANT_B,admin,pauta-mensual,delete,DELETE,/api/pauta-mensual/eliminar,deny,false,500
TENANT_A,none,pauta-mensual,export,GET,/api/pauta-mensual/exportar-xlsx,deny,false,500
TENANT_A,read,pauta-mensual,export,GET,/api/pauta-mensual/exportar-xlsx,deny,false,500
TENANT_A,editor,pauta-mensual,export,GET,/api/pauta-mensual/exportar-xlsx,deny,false,500
TENANT_A,admin,pauta-mensual,export,GET,/api/pauta-mensual/exportar-xlsx,allow,false,500
TENANT_B,none,pauta-mensual,export,GET,/api/pauta-mensual/exportar-xlsx,deny,false,500
TENANT_B,read,pauta-mensual,export,GET,/api/pauta-mensual/exportar-xlsx,deny,false,500
TENANT_B,editor,pauta-mensual,export,GET,/api/pauta-mensual/exportar-xlsx,deny,false,500
TENANT_B,admin,pauta-mensual,export,GET,/api/pauta-mensual/exportar-xlsx,allow,false,500
TENANT_A,none,pauta-mensual,export,GET,/api/pauta-mensual/exportar-pdf,deny,false,500
TENANT_A,read,pauta-mensual,export,GET,/api/pauta-mensual/exportar-pdf,deny,false,500
TENANT_A,editor,pauta-mensual,export,GET,/api/pauta-mensual/exportar-pdf,deny,false,500
TENANT_A,admin,pauta-mensual,export,GET,/api/pauta-mensual/exportar-pdf,allow,false,500
TENANT_B,none,pauta-mensual,export,GET,/api/pauta-mensual/exportar-pdf,deny,false,500
TENANT_B,read,pauta-mensual,export,GET,/api/pauta-mensual/exportar-pdf,deny,false,500
TENANT_B,editor,pauta-mensual,export,GET,/api/pauta-mensual/exportar-pdf,deny,false,500
TENANT_B,admin,pauta-mensual,export,GET,/api/pauta-mensual/exportar-pdf,allow,false,500
TENANT_A,none,pauta-mensual,create,POST,/api/pauta-mensual/guardar,deny,false,500
TENANT_A,read,pauta-mensual,create,POST,/api/pauta-mensual/guardar,deny,false,500
TENANT_A,editor,pauta-mensual,create,POST,/api/pauta-mensual/guardar,deny,false,500
TENANT_A,admin,pauta-mensual,create,POST,/api/pauta-mensual/guardar,deny,false,500
TENANT_B,none,pauta-mensual,create,POST,/api/pauta-mensual/guardar,deny,false,500
TENANT_B,read,pauta-mensual,create,POST,/api/pauta-mensual/guardar,deny,false,500
TENANT_B,editor,pauta-mensual,create,POST,/api/pauta-mensual/guardar,deny,false,500
TENANT_B,admin,pauta-mensual,create,POST,/api/pauta-mensual/guardar,deny,false,500
TENANT_A,none,pauta-mensual,read:list,GET,/api/pauta-mensual/resumen,deny,false,500
TENANT_A,read,pauta-mensual,read:list,GET,/api/pauta-mensual/resumen,deny,false,500
TENANT_A,editor,pauta-mensual,read:list,GET,/api/pauta-mensual/resumen,deny,false,500
TENANT_A,admin,pauta-mensual,read:list,GET,/api/pauta-mensual/resumen,deny,false,500
TENANT_B,none,pauta-mensual,read:list,GET,/api/pauta-mensual/resumen,deny,false,500
TENANT_B,read,pauta-mensual,read:list,GET,/api/pauta-mensual/resumen,deny,false,500
TENANT_B,editor,pauta-mensual,read:list,GET,/api/pauta-mensual/resumen,deny,false,500
TENANT_B,admin,pauta-mensual,read:list,GET,/api/pauta-mensual/resumen,deny,false,500
TENANT_A,none,pauta-mensual,create,POST,/api/pauta-mensual/verificar-roles,deny,false,500
TENANT_A,read,pauta-mensual,create,POST,/api/pauta-mensual/verificar-roles,deny,false,500
TENANT_A,editor,pauta-mensual,create,POST,/api/pauta-mensual/verificar-roles,deny,false,500
TENANT_A,admin,pauta-mensual,create,POST,/api/pauta-mensual/verificar-roles,deny,false,500
TENANT_B,none,pauta-mensual,create,POST,/api/pauta-mensual/verificar-roles,deny,false,500
TENANT_B,read,pauta-mensual,create,POST,/api/pauta-mensual/verificar-roles,deny,false,500
TENANT_B,editor,pauta-mensual,create,POST,/api/pauta-mensual/verificar-roles,deny,false,500
TENANT_B,admin,pauta-mensual,create,POST,/api/pauta-mensual/verificar-roles,deny,false,500
TENANT_A,none,payroll,read:list,GET,/api/payroll/estructuras-guardia,deny,false,500
TENANT_A,read,payroll,read:list,GET,/api/payroll/estructuras-guardia,deny,false,500
TENANT_A,editor,payroll,read:list,GET,/api/payroll/estructuras-guardia,deny,false,500
TENANT_A,admin,payroll,read:list,GET,/api/payroll/estructuras-guardia,deny,false,500
TENANT_B,none,payroll,read:list,GET,/api/payroll/estructuras-guardia,deny,false,500
TENANT_B,read,payroll,read:list,GET,/api/payroll/estructuras-guardia,deny,false,500
TENANT_B,editor,payroll,read:list,GET,/api/payroll/estructuras-guardia,deny,false,500
TENANT_B,admin,payroll,read:list,GET,/api/payroll/estructuras-guardia,deny,false,500
TENANT_A,none,pauta-diaria,create,POST,/api/pauta-diaria/turno-extra,deny,false,500
TENANT_A,read,pauta-diaria,create,POST,/api/pauta-diaria/turno-extra,deny,false,500
TENANT_A,editor,pauta-diaria,create,POST,/api/pauta-diaria/turno-extra,deny,false,500
TENANT_A,admin,pauta-diaria,create,POST,/api/pauta-diaria/turno-extra,deny,false,500
TENANT_B,none,pauta-diaria,create,POST,/api/pauta-diaria/turno-extra,deny,false,500
TENANT_B,read,pauta-diaria,create,POST,/api/pauta-diaria/turno-extra,deny,false,500
TENANT_B,editor,pauta-diaria,create,POST,/api/pauta-diaria/turno-extra,deny,false,500
TENANT_B,admin,pauta-diaria,create,POST,/api/pauta-diaria/turno-extra,deny,false,500
TENANT_A,none,pauta-diaria,read:list,GET,/api/pauta-diaria/turno-extra,deny,false,500
TENANT_A,read,pauta-diaria,read:list,GET,/api/pauta-diaria/turno-extra,deny,false,500
TENANT_A,editor,pauta-diaria,read:list,GET,/api/pauta-diaria/turno-extra,deny,false,500
TENANT_A,admin,pauta-diaria,read:list,GET,/api/pauta-diaria/turno-extra,deny,false,500
TENANT_B,none,pauta-diaria,read:list,GET,/api/pauta-diaria/turno-extra,deny,false,500
TENANT_B,read,pauta-diaria,read:list,GET,/api/pauta-diaria/turno-extra,deny,false,500
TENANT_B,editor,pauta-diaria,read:list,GET,/api/pauta-diaria/turno-extra,deny,false,500
TENANT_B,admin,pauta-diaria,read:list,GET,/api/pauta-diaria/turno-extra,deny,false,500
TENANT_A,none,payroll,read:list,GET,/api/payroll/guardias,deny,false,500
TENANT_A,read,payroll,read:list,GET,/api/payroll/guardias,deny,false,500
TENANT_A,editor,payroll,read:list,GET,/api/payroll/guardias,deny,false,500
TENANT_A,admin,payroll,read:list,GET,/api/payroll/guardias,deny,false,500
TENANT_B,none,payroll,read:list,GET,/api/payroll/guardias,deny,false,500
TENANT_B,read,payroll,read:list,GET,/api/payroll/guardias,deny,false,500
TENANT_B,editor,payroll,read:list,GET,/api/payroll/guardias,deny,false,500
TENANT_B,admin,payroll,read:list,GET,/api/payroll/guardias,deny,false,500
TENANT_A,none,payroll,read:list,GET,/api/payroll/instalaciones,deny,false,500
TENANT_A,read,payroll,read:list,GET,/api/payroll/instalaciones,deny,false,500
TENANT_A,editor,payroll,read:list,GET,/api/payroll/instalaciones,deny,false,500
TENANT_A,admin,payroll,read:list,GET,/api/payroll/instalaciones,deny,false,500
TENANT_B,none,payroll,read:list,GET,/api/payroll/instalaciones,deny,false,500
TENANT_B,read,payroll,read:list,GET,/api/payroll/instalaciones,deny,false,500
TENANT_B,editor,payroll,read:list,GET,/api/payroll/instalaciones,deny,false,500
TENANT_B,admin,payroll,read:list,GET,/api/payroll/instalaciones,deny,false,500
TENANT_A,none,payroll,read:list,GET,/api/payroll/sueldo-items,deny,false,500
TENANT_A,read,payroll,read:list,GET,/api/payroll/sueldo-items,deny,false,500
TENANT_A,editor,payroll,read:list,GET,/api/payroll/sueldo-items,deny,false,500
TENANT_A,admin,payroll,read:list,GET,/api/payroll/sueldo-items,deny,false,500
TENANT_B,none,payroll,read:list,GET,/api/payroll/sueldo-items,deny,false,500
TENANT_B,read,payroll,read:list,GET,/api/payroll/sueldo-items,deny,false,500
TENANT_B,editor,payroll,read:list,GET,/api/payroll/sueldo-items,deny,false,500
TENANT_B,admin,payroll,read:list,GET,/api/payroll/sueldo-items,deny,false,500
TENANT_A,none,payroll,read:list,GET,/api/payroll/items-extras,deny,false,500
TENANT_A,read,payroll,read:list,GET,/api/payroll/items-extras,deny,false,500
TENANT_A,editor,payroll,read:list,GET,/api/payroll/items-extras,deny,false,500
TENANT_A,admin,payroll,read:list,GET,/api/payroll/items-extras,deny,false,500
TENANT_B,none,payroll,read:list,GET,/api/payroll/items-extras,deny,false,500
TENANT_B,read,payroll,read:list,GET,/api/payroll/items-extras,deny,false,500
TENANT_B,editor,payroll,read:list,GET,/api/payroll/items-extras,deny,false,500
TENANT_B,admin,payroll,read:list,GET,/api/payroll/items-extras,deny,false,500
TENANT_A,none,payroll,create,POST,/api/payroll/items-extras,deny,false,500
TENANT_A,read,payroll,create,POST,/api/payroll/items-extras,deny,false,500
TENANT_A,editor,payroll,create,POST,/api/payroll/items-extras,deny,false,500
TENANT_A,admin,payroll,create,POST,/api/payroll/items-extras,deny,false,500
TENANT_B,none,payroll,create,POST,/api/payroll/items-extras,deny,false,500
TENANT_B,read,payroll,create,POST,/api/payroll/items-extras,deny,false,500
TENANT_B,editor,payroll,create,POST,/api/payroll/items-extras,deny,false,500
TENANT_B,admin,payroll,create,POST,/api/payroll/items-extras,deny,false,500
TENANT_A,none,payroll,update,PUT,/api/payroll/items-extras,deny,false,500
TENANT_A,read,payroll,update,PUT,/api/payroll/items-extras,deny,false,500
TENANT_A,editor,payroll,update,PUT,/api/payroll/items-extras,allow,false,500
TENANT_A,admin,payroll,update,PUT,/api/payroll/items-extras,allow,false,500
TENANT_B,none,payroll,update,PUT,/api/payroll/items-extras,deny,false,500
TENANT_B,read,payroll,update,PUT,/api/payroll/items-extras,deny,false,500
TENANT_B,editor,payroll,update,PUT,/api/payroll/items-extras,allow,false,500
TENANT_B,admin,payroll,update,PUT,/api/payroll/items-extras,allow,false,500
TENANT_A,none,payroll,delete,DELETE,/api/payroll/items-extras,deny,false,500
TENANT_A,read,payroll,delete,DELETE,/api/payroll/items-extras,deny,false,500
TENANT_A,editor,payroll,delete,DELETE,/api/payroll/items-extras,deny,false,500
TENANT_A,admin,payroll,delete,DELETE,/api/payroll/items-extras,deny,false,500
TENANT_B,none,payroll,delete,DELETE,/api/payroll/items-extras,deny,false,500
TENANT_B,read,payroll,delete,DELETE,/api/payroll/items-extras,deny,false,500
TENANT_B,editor,payroll,delete,DELETE,/api/payroll/items-extras,deny,false,500
TENANT_B,admin,payroll,delete,DELETE,/api/payroll/items-extras,deny,false,500
TENANT_A,none,payroll,read:list,GET,/api/payroll/roles-servicio,deny,false,500
TENANT_A,read,payroll,read:list,GET,/api/payroll/roles-servicio,deny,false,500
TENANT_A,editor,payroll,read:list,GET,/api/payroll/roles-servicio,deny,false,500
TENANT_A,admin,payroll,read:list,GET,/api/payroll/roles-servicio,deny,false,500
TENANT_B,none,payroll,read:list,GET,/api/payroll/roles-servicio,deny,false,500
TENANT_B,read,payroll,read:list,GET,/api/payroll/roles-servicio,deny,false,500
TENANT_B,editor,payroll,read:list,GET,/api/payroll/roles-servicio,deny,false,500
TENANT_B,admin,payroll,read:list,GET,/api/payroll/roles-servicio,deny,false,500
TENANT_A,none,payroll,read:list,GET,/api/payroll/items,deny,false,500
TENANT_A,read,payroll,read:list,GET,/api/payroll/items,deny,false,500
TENANT_A,editor,payroll,read:list,GET,/api/payroll/items,deny,false,500
TENANT_A,admin,payroll,read:list,GET,/api/payroll/items,deny,false,500
TENANT_B,none,payroll,read:list,GET,/api/payroll/items,deny,false,500
TENANT_B,read,payroll,read:list,GET,/api/payroll/items,deny,false,500
TENANT_B,editor,payroll,read:list,GET,/api/payroll/items,deny,false,500
TENANT_B,admin,payroll,read:list,GET,/api/payroll/items,deny,false,500
TENANT_A,none,payroll,create,POST,/api/payroll/items,deny,false,500
TENANT_A,read,payroll,create,POST,/api/payroll/items,deny,false,500
TENANT_A,editor,payroll,create,POST,/api/payroll/items,deny,false,500
TENANT_A,admin,payroll,create,POST,/api/payroll/items,deny,false,500
TENANT_B,none,payroll,create,POST,/api/payroll/items,deny,false,500
TENANT_B,read,payroll,create,POST,/api/payroll/items,deny,false,500
TENANT_B,editor,payroll,create,POST,/api/payroll/items,deny,false,500
TENANT_B,admin,payroll,create,POST,/api/payroll/items,deny,false,500
TENANT_A,none,guardias,read:detail,GET,/api/guardias/[id]/asignacion,deny,false,500
TENANT_A,read,guardias,read:detail,GET,/api/guardias/[id]/asignacion,allow,false,500
TENANT_A,editor,guardias,read:detail,GET,/api/guardias/[id]/asignacion,allow,false,500
TENANT_A,admin,guardias,read:detail,GET,/api/guardias/[id]/asignacion,allow,false,500
TENANT_B,none,guardias,read:detail,GET,/api/guardias/[id]/asignacion,deny,false,500
TENANT_B,read,guardias,read:detail,GET,/api/guardias/[id]/asignacion,allow,false,500
TENANT_B,editor,guardias,read:detail,GET,/api/guardias/[id]/asignacion,allow,false,500
TENANT_B,admin,guardias,read:detail,GET,/api/guardias/[id]/asignacion,allow,false,500
TENANT_A,none,guardias,read:detail,GET,/api/guardias/[id]/asignacion-actual,deny,false,500
TENANT_A,read,guardias,read:detail,GET,/api/guardias/[id]/asignacion-actual,allow,false,500
TENANT_A,editor,guardias,read:detail,GET,/api/guardias/[id]/asignacion-actual,allow,false,500
TENANT_A,admin,guardias,read:detail,GET,/api/guardias/[id]/asignacion-actual,allow,false,500
TENANT_B,none,guardias,read:detail,GET,/api/guardias/[id]/asignacion-actual,deny,false,500
TENANT_B,read,guardias,read:detail,GET,/api/guardias/[id]/asignacion-actual,allow,false,500
TENANT_B,editor,guardias,read:detail,GET,/api/guardias/[id]/asignacion-actual,allow,false,500
TENANT_B,admin,guardias,read:detail,GET,/api/guardias/[id]/asignacion-actual,allow,false,500
TENANT_A,none,guardias,create,POST,/api/guardias/[id]/bancarios,deny,false,500
TENANT_A,read,guardias,create,POST,/api/guardias/[id]/bancarios,deny,false,500
TENANT_A,editor,guardias,create,POST,/api/guardias/[id]/bancarios,allow,false,500
TENANT_A,admin,guardias,create,POST,/api/guardias/[id]/bancarios,allow,false,500
TENANT_B,none,guardias,create,POST,/api/guardias/[id]/bancarios,deny,false,500
TENANT_B,read,guardias,create,POST,/api/guardias/[id]/bancarios,deny,false,500
TENANT_B,editor,guardias,create,POST,/api/guardias/[id]/bancarios,allow,false,500
TENANT_B,admin,guardias,create,POST,/api/guardias/[id]/bancarios,allow,false,500
TENANT_A,none,guardias,update,PUT,/api/guardias/[id]/fecha-os10,deny,false,500
TENANT_A,read,guardias,update,PUT,/api/guardias/[id]/fecha-os10,deny,false,500
TENANT_A,editor,guardias,update,PUT,/api/guardias/[id]/fecha-os10,allow,false,500
TENANT_A,admin,guardias,update,PUT,/api/guardias/[id]/fecha-os10,allow,false,500
TENANT_B,none,guardias,update,PUT,/api/guardias/[id]/fecha-os10,deny,false,500
TENANT_B,read,guardias,update,PUT,/api/guardias/[id]/fecha-os10,deny,false,500
TENANT_B,editor,guardias,update,PUT,/api/guardias/[id]/fecha-os10,allow,false,500
TENANT_B,admin,guardias,update,PUT,/api/guardias/[id]/fecha-os10,allow,false,500
TENANT_A,none,guardias,read:detail,GET,/api/guardias/[id]/banco,deny,false,500
TENANT_A,read,guardias,read:detail,GET,/api/guardias/[id]/banco,allow,false,500
TENANT_A,editor,guardias,read:detail,GET,/api/guardias/[id]/banco,allow,false,500
TENANT_A,admin,guardias,read:detail,GET,/api/guardias/[id]/banco,allow,false,500
TENANT_B,none,guardias,read:detail,GET,/api/guardias/[id]/banco,deny,false,500
TENANT_B,read,guardias,read:detail,GET,/api/guardias/[id]/banco,allow,false,500
TENANT_B,editor,guardias,read:detail,GET,/api/guardias/[id]/banco,allow,false,500
TENANT_B,admin,guardias,read:detail,GET,/api/guardias/[id]/banco,allow,false,500
TENANT_A,none,guardias,update,PATCH,/api/guardias/[id]/banco,deny,false,500
TENANT_A,read,guardias,update,PATCH,/api/guardias/[id]/banco,deny,false,500
TENANT_A,editor,guardias,update,PATCH,/api/guardias/[id]/banco,allow,false,500
TENANT_A,admin,guardias,update,PATCH,/api/guardias/[id]/banco,allow,false,500
TENANT_B,none,guardias,update,PATCH,/api/guardias/[id]/banco,deny,false,500
TENANT_B,read,guardias,update,PATCH,/api/guardias/[id]/banco,deny,false,500
TENANT_B,editor,guardias,update,PATCH,/api/guardias/[id]/banco,allow,false,500
TENANT_B,admin,guardias,update,PATCH,/api/guardias/[id]/banco,allow,false,500
TENANT_A,none,guardias,read:detail,GET,/api/guardias/[id]/historial-mensual,deny,false,500
TENANT_A,read,guardias,read:detail,GET,/api/guardias/[id]/historial-mensual,allow,false,500
TENANT_A,editor,guardias,read:detail,GET,/api/guardias/[id]/historial-mensual,allow,false,500
TENANT_A,admin,guardias,read:detail,GET,/api/guardias/[id]/historial-mensual,allow,false,500
TENANT_B,none,guardias,read:detail,GET,/api/guardias/[id]/historial-mensual,deny,false,500
TENANT_B,read,guardias,read:detail,GET,/api/guardias/[id]/historial-mensual,allow,false,500
TENANT_B,editor,guardias,read:detail,GET,/api/guardias/[id]/historial-mensual,allow,false,500
TENANT_B,admin,guardias,read:detail,GET,/api/guardias/[id]/historial-mensual,allow,false,500
TENANT_A,none,guardias,read:detail,GET,/api/guardias/[id]/pagos-turnos-extras,deny,false,500
TENANT_A,read,guardias,read:detail,GET,/api/guardias/[id]/pagos-turnos-extras,allow,false,500
TENANT_A,editor,guardias,read:detail,GET,/api/guardias/[id]/pagos-turnos-extras,allow,false,500
TENANT_A,admin,guardias,read:detail,GET,/api/guardias/[id]/pagos-turnos-extras,allow,false,500
TENANT_B,none,guardias,read:detail,GET,/api/guardias/[id]/pagos-turnos-extras,deny,false,500
TENANT_B,read,guardias,read:detail,GET,/api/guardias/[id]/pagos-turnos-extras,allow,false,500
TENANT_B,editor,guardias,read:detail,GET,/api/guardias/[id]/pagos-turnos-extras,allow,false,500
TENANT_B,admin,guardias,read:detail,GET,/api/guardias/[id]/pagos-turnos-extras,allow,false,500
TENANT_A,none,guardias,create,POST,/api/guardias/[id]/terminar-asignacion,deny,false,500
TENANT_A,read,guardias,create,POST,/api/guardias/[id]/terminar-asignacion,deny,false,500
TENANT_A,editor,guardias,create,POST,/api/guardias/[id]/terminar-asignacion,allow,false,500
TENANT_A,admin,guardias,create,POST,/api/guardias/[id]/terminar-asignacion,allow,false,500
TENANT_B,none,guardias,create,POST,/api/guardias/[id]/terminar-asignacion,deny,false,500
TENANT_B,read,guardias,create,POST,/api/guardias/[id]/terminar-asignacion,deny,false,500
TENANT_B,editor,guardias,create,POST,/api/guardias/[id]/terminar-asignacion,allow,false,500
TENANT_B,admin,guardias,create,POST,/api/guardias/[id]/terminar-asignacion,allow,false,500
TENANT_A,none,guardias,delete,DELETE,/api/guardias/permisos/[id],deny,false,500
TENANT_A,read,guardias,delete,DELETE,/api/guardias/permisos/[id],deny,false,500
TENANT_A,editor,guardias,delete,DELETE,/api/guardias/permisos/[id],deny,false,500
TENANT_A,admin,guardias,delete,DELETE,/api/guardias/permisos/[id],allow,false,500
TENANT_B,none,guardias,delete,DELETE,/api/guardias/permisos/[id],deny,false,500
TENANT_B,read,guardias,delete,DELETE,/api/guardias/permisos/[id],deny,false,500
TENANT_B,editor,guardias,delete,DELETE,/api/guardias/permisos/[id],deny,false,500
TENANT_B,admin,guardias,delete,DELETE,/api/guardias/permisos/[id],allow,false,500
TENANT_A,none,instalaciones,read:detail,GET,/api/instalaciones/[id]/completa,deny,false,500
TENANT_A,read,instalaciones,read:detail,GET,/api/instalaciones/[id]/completa,allow,false,500
TENANT_A,editor,instalaciones,read:detail,GET,/api/instalaciones/[id]/completa,allow,false,500
TENANT_A,admin,instalaciones,read:detail,GET,/api/instalaciones/[id]/completa,allow,false,500
TENANT_B,none,instalaciones,read:detail,GET,/api/instalaciones/[id]/completa,deny,false,500
TENANT_B,read,instalaciones,read:detail,GET,/api/instalaciones/[id]/completa,allow,false,500
TENANT_B,editor,instalaciones,read:detail,GET,/api/instalaciones/[id]/completa,allow,false,500
TENANT_B,admin,instalaciones,read:detail,GET,/api/instalaciones/[id]/completa,allow,false,500
TENANT_A,none,instalaciones,read:detail,GET,/api/instalaciones/[id]/estadisticas,deny,false,500
TENANT_A,read,instalaciones,read:detail,GET,/api/instalaciones/[id]/estadisticas,allow,false,500
TENANT_A,editor,instalaciones,read:detail,GET,/api/instalaciones/[id]/estadisticas,allow,false,500
TENANT_A,admin,instalaciones,read:detail,GET,/api/instalaciones/[id]/estadisticas,allow,false,500
TENANT_B,none,instalaciones,read:detail,GET,/api/instalaciones/[id]/estadisticas,deny,false,500
TENANT_B,read,instalaciones,read:detail,GET,/api/instalaciones/[id]/estadisticas,allow,false,500
TENANT_B,editor,instalaciones,read:detail,GET,/api/instalaciones/[id]/estadisticas,allow,false,500
TENANT_B,admin,instalaciones,read:detail,GET,/api/instalaciones/[id]/estadisticas,allow,false,500
TENANT_A,none,guardias,read:detail,GET,/api/guardias/[id]/pagos,deny,false,500
TENANT_A,read,guardias,read:detail,GET,/api/guardias/[id]/pagos,allow,false,500
TENANT_A,editor,guardias,read:detail,GET,/api/guardias/[id]/pagos,allow,false,500
TENANT_A,admin,guardias,read:detail,GET,/api/guardias/[id]/pagos,allow,false,500
TENANT_B,none,guardias,read:detail,GET,/api/guardias/[id]/pagos,deny,false,500
TENANT_B,read,guardias,read:detail,GET,/api/guardias/[id]/pagos,allow,false,500
TENANT_B,editor,guardias,read:detail,GET,/api/guardias/[id]/pagos,allow,false,500
TENANT_B,admin,guardias,read:detail,GET,/api/guardias/[id]/pagos,allow,false,500
TENANT_A,none,instalaciones,read:detail,GET,/api/instalaciones/[id]/estadisticas_v2,deny,false,500
TENANT_A,read,instalaciones,read:detail,GET,/api/instalaciones/[id]/estadisticas_v2,allow,false,500
TENANT_A,editor,instalaciones,read:detail,GET,/api/instalaciones/[id]/estadisticas_v2,allow,false,500
TENANT_A,admin,instalaciones,read:detail,GET,/api/instalaciones/[id]/estadisticas_v2,allow,false,500
TENANT_B,none,instalaciones,read:detail,GET,/api/instalaciones/[id]/estadisticas_v2,deny,false,500
TENANT_B,read,instalaciones,read:detail,GET,/api/instalaciones/[id]/estadisticas_v2,allow,false,500
TENANT_B,editor,instalaciones,read:detail,GET,/api/instalaciones/[id]/estadisticas_v2,allow,false,500
TENANT_B,admin,instalaciones,read:detail,GET,/api/instalaciones/[id]/estadisticas_v2,allow,false,500
TENANT_A,none,instalaciones,read:detail,GET,/api/instalaciones/[id]/estructuras-servicio,deny,false,500
TENANT_A,read,instalaciones,read:detail,GET,/api/instalaciones/[id]/estructuras-servicio,allow,false,500
TENANT_A,editor,instalaciones,read:detail,GET,/api/instalaciones/[id]/estructuras-servicio,allow,false,500
TENANT_A,admin,instalaciones,read:detail,GET,/api/instalaciones/[id]/estructuras-servicio,allow,false,500
TENANT_B,none,instalaciones,read:detail,GET,/api/instalaciones/[id]/estructuras-servicio,deny,false,500
TENANT_B,read,instalaciones,read:detail,GET,/api/instalaciones/[id]/estructuras-servicio,allow,false,500
TENANT_B,editor,instalaciones,read:detail,GET,/api/instalaciones/[id]/estructuras-servicio,allow,false,500
TENANT_B,admin,instalaciones,read:detail,GET,/api/instalaciones/[id]/estructuras-servicio,allow,false,500
TENANT_A,none,instalaciones,create,POST,/api/instalaciones/[id]/estructuras-servicio,deny,false,500
TENANT_A,read,instalaciones,create,POST,/api/instalaciones/[id]/estructuras-servicio,deny,false,500
TENANT_A,editor,instalaciones,create,POST,/api/instalaciones/[id]/estructuras-servicio,allow,false,500
TENANT_A,admin,instalaciones,create,POST,/api/instalaciones/[id]/estructuras-servicio,allow,false,500
TENANT_B,none,instalaciones,create,POST,/api/instalaciones/[id]/estructuras-servicio,deny,false,500
TENANT_B,read,instalaciones,create,POST,/api/instalaciones/[id]/estructuras-servicio,deny,false,500
TENANT_B,editor,instalaciones,create,POST,/api/instalaciones/[id]/estructuras-servicio,allow,false,500
TENANT_B,admin,instalaciones,create,POST,/api/instalaciones/[id]/estructuras-servicio,allow,false,500
TENANT_A,none,instalaciones,read:detail,GET,/api/instalaciones/[id]/ppc,deny,false,500
TENANT_A,read,instalaciones,read:detail,GET,/api/instalaciones/[id]/ppc,allow,false,500
TENANT_A,editor,instalaciones,read:detail,GET,/api/instalaciones/[id]/ppc,allow,false,500
TENANT_A,admin,instalaciones,read:detail,GET,/api/instalaciones/[id]/ppc,allow,false,500
TENANT_B,none,instalaciones,read:detail,GET,/api/instalaciones/[id]/ppc,deny,false,500
TENANT_B,read,instalaciones,read:detail,GET,/api/instalaciones/[id]/ppc,allow,false,500
TENANT_B,editor,instalaciones,read:detail,GET,/api/instalaciones/[id]/ppc,allow,false,500
TENANT_B,admin,instalaciones,read:detail,GET,/api/instalaciones/[id]/ppc,allow,false,500
TENANT_A,none,instalaciones,create,POST,/api/instalaciones/[id]/ppc,deny,false,500
TENANT_A,read,instalaciones,create,POST,/api/instalaciones/[id]/ppc,deny,false,500
TENANT_A,editor,instalaciones,create,POST,/api/instalaciones/[id]/ppc,allow,false,500
TENANT_A,admin,instalaciones,create,POST,/api/instalaciones/[id]/ppc,allow,false,500
TENANT_B,none,instalaciones,create,POST,/api/instalaciones/[id]/ppc,deny,false,500
TENANT_B,read,instalaciones,create,POST,/api/instalaciones/[id]/ppc,deny,false,500
TENANT_B,editor,instalaciones,create,POST,/api/instalaciones/[id]/ppc,allow,false,500
TENANT_B,admin,instalaciones,create,POST,/api/instalaciones/[id]/ppc,allow,false,500
TENANT_A,none,instalaciones,read:detail,GET,/api/instalaciones/[id]/ppc-activos_v2,deny,false,500
TENANT_A,read,instalaciones,read:detail,GET,/api/instalaciones/[id]/ppc-activos_v2,allow,false,500
TENANT_A,editor,instalaciones,read:detail,GET,/api/instalaciones/[id]/ppc-activos_v2,allow,false,500
TENANT_A,admin,instalaciones,read:detail,GET,/api/instalaciones/[id]/ppc-activos_v2,allow,false,500
TENANT_B,none,instalaciones,read:detail,GET,/api/instalaciones/[id]/ppc-activos_v2,deny,false,500
TENANT_B,read,instalaciones,read:detail,GET,/api/instalaciones/[id]/ppc-activos_v2,allow,false,500
TENANT_B,editor,instalaciones,read:detail,GET,/api/instalaciones/[id]/ppc-activos_v2,allow,false,500
TENANT_B,admin,instalaciones,read:detail,GET,/api/instalaciones/[id]/ppc-activos_v2,allow,false,500
TENANT_A,none,instalaciones,read:detail,GET,/api/instalaciones/[id]/ppc-activos,deny,false,500
TENANT_A,read,instalaciones,read:detail,GET,/api/instalaciones/[id]/ppc-activos,allow,false,500
TENANT_A,editor,instalaciones,read:detail,GET,/api/instalaciones/[id]/ppc-activos,allow,false,500
TENANT_A,admin,instalaciones,read:detail,GET,/api/instalaciones/[id]/ppc-activos,allow,false,500
TENANT_B,none,instalaciones,read:detail,GET,/api/instalaciones/[id]/ppc-activos,deny,false,500
TENANT_B,read,instalaciones,read:detail,GET,/api/instalaciones/[id]/ppc-activos,allow,false,500
TENANT_B,editor,instalaciones,read:detail,GET,/api/instalaciones/[id]/ppc-activos,allow,false,500
TENANT_B,admin,instalaciones,read:detail,GET,/api/instalaciones/[id]/ppc-activos,allow,false,500
TENANT_A,none,instalaciones,read:detail,GET,/api/instalaciones/[id]/turnos,deny,false,500
TENANT_A,read,instalaciones,read:detail,GET,/api/instalaciones/[id]/turnos,allow,false,500
TENANT_A,editor,instalaciones,read:detail,GET,/api/instalaciones/[id]/turnos,allow,false,500
TENANT_A,admin,instalaciones,read:detail,GET,/api/instalaciones/[id]/turnos,allow,false,500
TENANT_B,none,instalaciones,read:detail,GET,/api/instalaciones/[id]/turnos,deny,false,500
TENANT_B,read,instalaciones,read:detail,GET,/api/instalaciones/[id]/turnos,allow,false,500
TENANT_B,editor,instalaciones,read:detail,GET,/api/instalaciones/[id]/turnos,allow,false,500
TENANT_B,admin,instalaciones,read:detail,GET,/api/instalaciones/[id]/turnos,allow,false,500
TENANT_A,none,instalaciones,create,POST,/api/instalaciones/[id]/turnos,deny,false,500
TENANT_A,read,instalaciones,create,POST,/api/instalaciones/[id]/turnos,deny,false,500
TENANT_A,editor,instalaciones,create,POST,/api/instalaciones/[id]/turnos,allow,false,500
TENANT_A,admin,instalaciones,create,POST,/api/instalaciones/[id]/turnos,allow,false,500
TENANT_B,none,instalaciones,create,POST,/api/instalaciones/[id]/turnos,deny,false,500
TENANT_B,read,instalaciones,create,POST,/api/instalaciones/[id]/turnos,deny,false,500
TENANT_B,editor,instalaciones,create,POST,/api/instalaciones/[id]/turnos,allow,false,500
TENANT_B,admin,instalaciones,create,POST,/api/instalaciones/[id]/turnos,allow,false,500
TENANT_A,none,instalaciones,read:detail,GET,/api/instalaciones/[id]/turnos_v2,deny,false,500
TENANT_A,read,instalaciones,read:detail,GET,/api/instalaciones/[id]/turnos_v2,allow,false,500
TENANT_A,editor,instalaciones,read:detail,GET,/api/instalaciones/[id]/turnos_v2,allow,false,500
TENANT_A,admin,instalaciones,read:detail,GET,/api/instalaciones/[id]/turnos_v2,allow,false,500
TENANT_B,none,instalaciones,read:detail,GET,/api/instalaciones/[id]/turnos_v2,deny,false,500
TENANT_B,read,instalaciones,read:detail,GET,/api/instalaciones/[id]/turnos_v2,allow,false,500
TENANT_B,editor,instalaciones,read:detail,GET,/api/instalaciones/[id]/turnos_v2,allow,false,500
TENANT_B,admin,instalaciones,read:detail,GET,/api/instalaciones/[id]/turnos_v2,allow,false,500
TENANT_A,none,instalaciones,create,POST,/api/instalaciones/[id]/turnos_v2,deny,false,500
TENANT_A,read,instalaciones,create,POST,/api/instalaciones/[id]/turnos_v2,deny,false,500
TENANT_A,editor,instalaciones,create,POST,/api/instalaciones/[id]/turnos_v2,allow,false,500
TENANT_A,admin,instalaciones,create,POST,/api/instalaciones/[id]/turnos_v2,allow,false,500
TENANT_B,none,instalaciones,create,POST,/api/instalaciones/[id]/turnos_v2,deny,false,500
TENANT_B,read,instalaciones,create,POST,/api/instalaciones/[id]/turnos_v2,deny,false,500
TENANT_B,editor,instalaciones,create,POST,/api/instalaciones/[id]/turnos_v2,allow,false,500
TENANT_B,admin,instalaciones,create,POST,/api/instalaciones/[id]/turnos_v2,allow,false,500
TENANT_A,none,pauta-diaria,delete,DELETE,/api/pauta-diaria/observacion/[id],deny,false,500
TENANT_A,read,pauta-diaria,delete,DELETE,/api/pauta-diaria/observacion/[id],deny,false,500
TENANT_A,editor,pauta-diaria,delete,DELETE,/api/pauta-diaria/observacion/[id],deny,false,500
TENANT_A,admin,pauta-diaria,delete,DELETE,/api/pauta-diaria/observacion/[id],deny,false,500
TENANT_B,none,pauta-diaria,delete,DELETE,/api/pauta-diaria/observacion/[id],deny,false,500
TENANT_B,read,pauta-diaria,delete,DELETE,/api/pauta-diaria/observacion/[id],deny,false,500
TENANT_B,editor,pauta-diaria,delete,DELETE,/api/pauta-diaria/observacion/[id],deny,false,500
TENANT_B,admin,pauta-diaria,delete,DELETE,/api/pauta-diaria/observacion/[id],deny,false,500
TENANT_A,none,payroll,read:list,GET,/api/payroll/estructuras/instalacion,deny,false,500
TENANT_A,read,payroll,read:list,GET,/api/payroll/estructuras/instalacion,deny,false,500
TENANT_A,editor,payroll,read:list,GET,/api/payroll/estructuras/instalacion,deny,false,500
TENANT_A,admin,payroll,read:list,GET,/api/payroll/estructuras/instalacion,deny,false,500
TENANT_B,none,payroll,read:list,GET,/api/payroll/estructuras/instalacion,deny,false,500
TENANT_B,read,payroll,read:list,GET,/api/payroll/estructuras/instalacion,deny,false,500
TENANT_B,editor,payroll,read:list,GET,/api/payroll/estructuras/instalacion,deny,false,500
TENANT_B,admin,payroll,read:list,GET,/api/payroll/estructuras/instalacion,deny,false,500
TENANT_A,none,payroll,create,POST,/api/payroll/estructuras-guardia/ensure,deny,false,500
TENANT_A,read,payroll,create,POST,/api/payroll/estructuras-guardia/ensure,deny,false,500
TENANT_A,editor,payroll,create,POST,/api/payroll/estructuras-guardia/ensure,deny,false,500
TENANT_A,admin,payroll,create,POST,/api/payroll/estructuras-guardia/ensure,deny,false,500
TENANT_B,none,payroll,create,POST,/api/payroll/estructuras-guardia/ensure,deny,false,500
TENANT_B,read,payroll,create,POST,/api/payroll/estructuras-guardia/ensure,deny,false,500
TENANT_B,editor,payroll,create,POST,/api/payroll/estructuras-guardia/ensure,deny,false,500
TENANT_B,admin,payroll,create,POST,/api/payroll/estructuras-guardia/ensure,deny,false,500
TENANT_A,none,payroll,read:list,GET,/api/payroll/estructuras-guardia/historial,deny,false,500
TENANT_A,read,payroll,read:list,GET,/api/payroll/estructuras-guardia/historial,deny,false,500
TENANT_A,editor,payroll,read:list,GET,/api/payroll/estructuras-guardia/historial,deny,false,500
TENANT_A,admin,payroll,read:list,GET,/api/payroll/estructuras-guardia/historial,deny,false,500
TENANT_B,none,payroll,read:list,GET,/api/payroll/estructuras-guardia/historial,deny,false,500
TENANT_B,read,payroll,read:list,GET,/api/payroll/estructuras-guardia/historial,deny,false,500
TENANT_B,editor,payroll,read:list,GET,/api/payroll/estructuras-guardia/historial,deny,false,500
TENANT_B,admin,payroll,read:list,GET,/api/payroll/estructuras-guardia/historial,deny,false,500
TENANT_A,none,payroll,create,POST,/api/payroll/estructuras-guardia/items,deny,false,500
TENANT_A,read,payroll,create,POST,/api/payroll/estructuras-guardia/items,deny,false,500
TENANT_A,editor,payroll,create,POST,/api/payroll/estructuras-guardia/items,deny,false,500
TENANT_A,admin,payroll,create,POST,/api/payroll/estructuras-guardia/items,deny,false,500
TENANT_B,none,payroll,create,POST,/api/payroll/estructuras-guardia/items,deny,false,500
TENANT_B,read,payroll,create,POST,/api/payroll/estructuras-guardia/items,deny,false,500
TENANT_B,editor,payroll,create,POST,/api/payroll/estructuras-guardia/items,deny,false,500
TENANT_B,admin,payroll,create,POST,/api/payroll/estructuras-guardia/items,deny,false,500
TENANT_A,none,pauta-diaria,read:list,GET,/api/pauta-diaria/turno-extra/dashboard,deny,false,500
TENANT_A,read,pauta-diaria,read:list,GET,/api/pauta-diaria/turno-extra/dashboard,deny,false,500
TENANT_A,editor,pauta-diaria,read:list,GET,/api/pauta-diaria/turno-extra/dashboard,deny,false,500
TENANT_A,admin,pauta-diaria,read:list,GET,/api/pauta-diaria/turno-extra/dashboard,deny,false,500
TENANT_B,none,pauta-diaria,read:list,GET,/api/pauta-diaria/turno-extra/dashboard,deny,false,500
TENANT_B,read,pauta-diaria,read:list,GET,/api/pauta-diaria/turno-extra/dashboard,deny,false,500
TENANT_B,editor,pauta-diaria,read:list,GET,/api/pauta-diaria/turno-extra/dashboard,deny,false,500
TENANT_B,admin,pauta-diaria,read:list,GET,/api/pauta-diaria/turno-extra/dashboard,deny,false,500
TENANT_A,none,pauta-diaria,export,GET,/api/pauta-diaria/turno-extra/exportar,deny,false,500
TENANT_A,read,pauta-diaria,export,GET,/api/pauta-diaria/turno-extra/exportar,deny,false,500
TENANT_A,editor,pauta-diaria,export,GET,/api/pauta-diaria/turno-extra/exportar,deny,false,500
TENANT_A,admin,pauta-diaria,export,GET,/api/pauta-diaria/turno-extra/exportar,allow,false,500
TENANT_B,none,pauta-diaria,export,GET,/api/pauta-diaria/turno-extra/exportar,deny,false,500
TENANT_B,read,pauta-diaria,export,GET,/api/pauta-diaria/turno-extra/exportar,deny,false,500
TENANT_B,editor,pauta-diaria,export,GET,/api/pauta-diaria/turno-extra/exportar,deny,false,500
TENANT_B,admin,pauta-diaria,export,GET,/api/pauta-diaria/turno-extra/exportar,allow,false,500
TENANT_A,none,pauta-diaria,create,POST,/api/pauta-diaria/turno-extra/marcar-pagado,deny,false,500
TENANT_A,read,pauta-diaria,create,POST,/api/pauta-diaria/turno-extra/marcar-pagado,deny,false,500
TENANT_A,editor,pauta-diaria,create,POST,/api/pauta-diaria/turno-extra/marcar-pagado,deny,false,500
TENANT_A,admin,pauta-diaria,create,POST,/api/pauta-diaria/turno-extra/marcar-pagado,deny,false,500
TENANT_B,none,pauta-diaria,create,POST,/api/pauta-diaria/turno-extra/marcar-pagado,deny,false,500
TENANT_B,read,pauta-diaria,create,POST,/api/pauta-diaria/turno-extra/marcar-pagado,deny,false,500
TENANT_B,editor,pauta-diaria,create,POST,/api/pauta-diaria/turno-extra/marcar-pagado,deny,false,500
TENANT_B,admin,pauta-diaria,create,POST,/api/pauta-diaria/turno-extra/marcar-pagado,deny,false,500
TENANT_A,none,pauta-diaria,create,POST,/api/pauta-diaria/turno-extra/preservar,deny,false,500
TENANT_A,read,pauta-diaria,create,POST,/api/pauta-diaria/turno-extra/preservar,deny,false,500
TENANT_A,editor,pauta-diaria,create,POST,/api/pauta-diaria/turno-extra/preservar,deny,false,500
TENANT_A,admin,pauta-diaria,create,POST,/api/pauta-diaria/turno-extra/preservar,deny,false,500
TENANT_B,none,pauta-diaria,create,POST,/api/pauta-diaria/turno-extra/preservar,deny,false,500
TENANT_B,read,pauta-diaria,create,POST,/api/pauta-diaria/turno-extra/preservar,deny,false,500
TENANT_B,editor,pauta-diaria,create,POST,/api/pauta-diaria/turno-extra/preservar,deny,false,500
TENANT_B,admin,pauta-diaria,create,POST,/api/pauta-diaria/turno-extra/preservar,deny,false,500
TENANT_A,none,pauta-diaria,read:list,GET,/api/pauta-diaria/turno-extra/preservar,deny,false,500
TENANT_A,read,pauta-diaria,read:list,GET,/api/pauta-diaria/turno-extra/preservar,deny,false,500
TENANT_A,editor,pauta-diaria,read:list,GET,/api/pauta-diaria/turno-extra/preservar,deny,false,500
TENANT_A,admin,pauta-diaria,read:list,GET,/api/pauta-diaria/turno-extra/preservar,deny,false,500
TENANT_B,none,pauta-diaria,read:list,GET,/api/pauta-diaria/turno-extra/preservar,deny,false,500
TENANT_B,read,pauta-diaria,read:list,GET,/api/pauta-diaria/turno-extra/preservar,deny,false,500
TENANT_B,editor,pauta-diaria,read:list,GET,/api/pauta-diaria/turno-extra/preservar,deny,false,500
TENANT_B,admin,pauta-diaria,read:list,GET,/api/pauta-diaria/turno-extra/preservar,deny,false,500
TENANT_A,none,pauta-diaria,read:list,GET,/api/pauta-diaria/turno-extra/planillas,deny,false,500
TENANT_A,read,pauta-diaria,read:list,GET,/api/pauta-diaria/turno-extra/planillas,deny,false,500
TENANT_A,editor,pauta-diaria,read:list,GET,/api/pauta-diaria/turno-extra/planillas,deny,false,500
TENANT_A,admin,pauta-diaria,read:list,GET,/api/pauta-diaria/turno-extra/planillas,deny,false,500
TENANT_B,none,pauta-diaria,read:list,GET,/api/pauta-diaria/turno-extra/planillas,deny,false,500
TENANT_B,read,pauta-diaria,read:list,GET,/api/pauta-diaria/turno-extra/planillas,deny,false,500
TENANT_B,editor,pauta-diaria,read:list,GET,/api/pauta-diaria/turno-extra/planillas,deny,false,500
TENANT_B,admin,pauta-diaria,read:list,GET,/api/pauta-diaria/turno-extra/planillas,deny,false,500
TENANT_A,none,pauta-diaria,create,POST,/api/pauta-diaria/turno-extra/planillas,deny,false,500
TENANT_A,read,pauta-diaria,create,POST,/api/pauta-diaria/turno-extra/planillas,deny,false,500
TENANT_A,editor,pauta-diaria,create,POST,/api/pauta-diaria/turno-extra/planillas,deny,false,500
TENANT_A,admin,pauta-diaria,create,POST,/api/pauta-diaria/turno-extra/planillas,deny,false,500
TENANT_B,none,pauta-diaria,create,POST,/api/pauta-diaria/turno-extra/planillas,deny,false,500
TENANT_B,read,pauta-diaria,create,POST,/api/pauta-diaria/turno-extra/planillas,deny,false,500
TENANT_B,editor,pauta-diaria,create,POST,/api/pauta-diaria/turno-extra/planillas,deny,false,500
TENANT_B,admin,pauta-diaria,create,POST,/api/pauta-diaria/turno-extra/planillas,deny,false,500
TENANT_A,none,pauta-diaria,read:list,GET,/api/pauta-diaria/turno-extra/stats,deny,false,500
TENANT_A,read,pauta-diaria,read:list,GET,/api/pauta-diaria/turno-extra/stats,deny,false,500
TENANT_A,editor,pauta-diaria,read:list,GET,/api/pauta-diaria/turno-extra/stats,deny,false,500
TENANT_A,admin,pauta-diaria,read:list,GET,/api/pauta-diaria/turno-extra/stats,deny,false,500
TENANT_B,none,pauta-diaria,read:list,GET,/api/pauta-diaria/turno-extra/stats,deny,false,500
TENANT_B,read,pauta-diaria,read:list,GET,/api/pauta-diaria/turno-extra/stats,deny,false,500
TENANT_B,editor,pauta-diaria,read:list,GET,/api/pauta-diaria/turno-extra/stats,deny,false,500
TENANT_B,admin,pauta-diaria,read:list,GET,/api/pauta-diaria/turno-extra/stats,deny,false,500
TENANT_A,none,pauta-diaria,create,POST,/api/pauta-diaria/turno-extra/sync-coberturas,deny,false,500
TENANT_A,read,pauta-diaria,create,POST,/api/pauta-diaria/turno-extra/sync-coberturas,deny,false,500
TENANT_A,editor,pauta-diaria,create,POST,/api/pauta-diaria/turno-extra/sync-coberturas,deny,false,500
TENANT_A,admin,pauta-diaria,create,POST,/api/pauta-diaria/turno-extra/sync-coberturas,deny,false,500
TENANT_B,none,pauta-diaria,create,POST,/api/pauta-diaria/turno-extra/sync-coberturas,deny,false,500
TENANT_B,read,pauta-diaria,create,POST,/api/pauta-diaria/turno-extra/sync-coberturas,deny,false,500
TENANT_B,editor,pauta-diaria,create,POST,/api/pauta-diaria/turno-extra/sync-coberturas,deny,false,500
TENANT_B,admin,pauta-diaria,create,POST,/api/pauta-diaria/turno-extra/sync-coberturas,deny,false,500
TENANT_A,none,pauta-diaria,read:list,GET,/api/pauta-diaria/turno-extra/sync-coberturas,deny,false,500
TENANT_A,read,pauta-diaria,read:list,GET,/api/pauta-diaria/turno-extra/sync-coberturas,deny,false,500
TENANT_A,editor,pauta-diaria,read:list,GET,/api/pauta-diaria/turno-extra/sync-coberturas,deny,false,500
TENANT_A,admin,pauta-diaria,read:list,GET,/api/pauta-diaria/turno-extra/sync-coberturas,deny,false,500
TENANT_B,none,pauta-diaria,read:list,GET,/api/pauta-diaria/turno-extra/sync-coberturas,deny,false,500
TENANT_B,read,pauta-diaria,read:list,GET,/api/pauta-diaria/turno-extra/sync-coberturas,deny,false,500
TENANT_B,editor,pauta-diaria,read:list,GET,/api/pauta-diaria/turno-extra/sync-coberturas,deny,false,500
TENANT_B,admin,pauta-diaria,read:list,GET,/api/pauta-diaria/turno-extra/sync-coberturas,deny,false,500
TENANT_A,none,pauta-diaria,create,POST,/api/pauta-diaria/turno-extra/limpiar,deny,false,500
TENANT_A,read,pauta-diaria,create,POST,/api/pauta-diaria/turno-extra/limpiar,deny,false,500
TENANT_A,editor,pauta-diaria,create,POST,/api/pauta-diaria/turno-extra/limpiar,deny,false,500
TENANT_A,admin,pauta-diaria,create,POST,/api/pauta-diaria/turno-extra/limpiar,deny,false,500
TENANT_B,none,pauta-diaria,create,POST,/api/pauta-diaria/turno-extra/limpiar,deny,false,500
TENANT_B,read,pauta-diaria,create,POST,/api/pauta-diaria/turno-extra/limpiar,deny,false,500
TENANT_B,editor,pauta-diaria,create,POST,/api/pauta-diaria/turno-extra/limpiar,deny,false,500
TENANT_B,admin,pauta-diaria,create,POST,/api/pauta-diaria/turno-extra/limpiar,deny,false,500
TENANT_A,none,pauta-diaria,read:list,GET,/api/pauta-diaria/turno-extra/limpiar,deny,false,500
TENANT_A,read,pauta-diaria,read:list,GET,/api/pauta-diaria/turno-extra/limpiar,deny,false,500
TENANT_A,editor,pauta-diaria,read:list,GET,/api/pauta-diaria/turno-extra/limpiar,deny,false,500
TENANT_A,admin,pauta-diaria,read:list,GET,/api/pauta-diaria/turno-extra/limpiar,deny,false,500
TENANT_B,none,pauta-diaria,read:list,GET,/api/pauta-diaria/turno-extra/limpiar,deny,false,500
TENANT_B,read,pauta-diaria,read:list,GET,/api/pauta-diaria/turno-extra/limpiar,deny,false,500
TENANT_B,editor,pauta-diaria,read:list,GET,/api/pauta-diaria/turno-extra/limpiar,deny,false,500
TENANT_B,admin,pauta-diaria,read:list,GET,/api/pauta-diaria/turno-extra/limpiar,deny,false,500
TENANT_A,none,payroll,read:list,GET,/api/payroll/estructuras-servicio/vigente,deny,false,500
TENANT_A,read,payroll,read:list,GET,/api/payroll/estructuras-servicio/vigente,deny,false,500
TENANT_A,editor,payroll,read:list,GET,/api/payroll/estructuras-servicio/vigente,deny,false,500
TENANT_A,admin,payroll,read:list,GET,/api/payroll/estructuras-servicio/vigente,deny,false,500
TENANT_B,none,payroll,read:list,GET,/api/payroll/estructuras-servicio/vigente,deny,false,500
TENANT_B,read,payroll,read:list,GET,/api/payroll/estructuras-servicio/vigente,deny,false,500
TENANT_B,editor,payroll,read:list,GET,/api/payroll/estructuras-servicio/vigente,deny,false,500
TENANT_B,admin,payroll,read:list,GET,/api/payroll/estructuras-servicio/vigente,deny,false,500
TENANT_A,none,pauta-diaria,read:list,GET,/api/pauta-diaria/turno-extra/test,deny,false,500
TENANT_A,read,pauta-diaria,read:list,GET,/api/pauta-diaria/turno-extra/test,deny,false,500
TENANT_A,editor,pauta-diaria,read:list,GET,/api/pauta-diaria/turno-extra/test,deny,false,500
TENANT_A,admin,pauta-diaria,read:list,GET,/api/pauta-diaria/turno-extra/test,deny,false,500
TENANT_B,none,pauta-diaria,read:list,GET,/api/pauta-diaria/turno-extra/test,deny,false,500
TENANT_B,read,pauta-diaria,read:list,GET,/api/pauta-diaria/turno-extra/test,deny,false,500
TENANT_B,editor,pauta-diaria,read:list,GET,/api/pauta-diaria/turno-extra/test,deny,false,500
TENANT_B,admin,pauta-diaria,read:list,GET,/api/pauta-diaria/turno-extra/test,deny,false,500
TENANT_A,none,payroll,update,PUT,/api/payroll/items/[id],deny,false,500
TENANT_A,read,payroll,update,PUT,/api/payroll/items/[id],deny,false,500
TENANT_A,editor,payroll,update,PUT,/api/payroll/items/[id],allow,false,500
TENANT_A,admin,payroll,update,PUT,/api/payroll/items/[id],allow,false,500
TENANT_B,none,payroll,update,PUT,/api/payroll/items/[id],deny,false,500
TENANT_B,read,payroll,update,PUT,/api/payroll/items/[id],deny,false,500
TENANT_B,editor,payroll,update,PUT,/api/payroll/items/[id],allow,false,500
TENANT_B,admin,payroll,update,PUT,/api/payroll/items/[id],allow,false,500
TENANT_A,none,payroll,delete,DELETE,/api/payroll/items/[id],deny,false,500
TENANT_A,read,payroll,delete,DELETE,/api/payroll/items/[id],deny,false,500
TENANT_A,editor,payroll,delete,DELETE,/api/payroll/items/[id],deny,false,500
TENANT_A,admin,payroll,delete,DELETE,/api/payroll/items/[id],deny,false,500
TENANT_B,none,payroll,delete,DELETE,/api/payroll/items/[id],deny,false,500
TENANT_B,read,payroll,delete,DELETE,/api/payroll/items/[id],deny,false,500
TENANT_B,editor,payroll,delete,DELETE,/api/payroll/items/[id],deny,false,500
TENANT_B,admin,payroll,delete,DELETE,/api/payroll/items/[id],deny,false,500
TENANT_A,none,payroll,read:list,GET,/api/payroll/items/opciones,deny,false,500
TENANT_A,read,payroll,read:list,GET,/api/payroll/items/opciones,deny,false,500
TENANT_A,editor,payroll,read:list,GET,/api/payroll/items/opciones,deny,false,500
TENANT_A,admin,payroll,read:list,GET,/api/payroll/items/opciones,deny,false,500
TENANT_B,none,payroll,read:list,GET,/api/payroll/items/opciones,deny,false,500
TENANT_B,read,payroll,read:list,GET,/api/payroll/items/opciones,deny,false,500
TENANT_B,editor,payroll,read:list,GET,/api/payroll/items/opciones,deny,false,500
TENANT_B,admin,payroll,read:list,GET,/api/payroll/items/opciones,deny,false,500
TENANT_A,none,instalaciones,update,PUT,/api/instalaciones/[id]/estructuras-servicio/[estructuraId],deny,false,500
TENANT_A,read,instalaciones,update,PUT,/api/instalaciones/[id]/estructuras-servicio/[estructuraId],deny,false,500
TENANT_A,editor,instalaciones,update,PUT,/api/instalaciones/[id]/estructuras-servicio/[estructuraId],allow,false,500
TENANT_A,admin,instalaciones,update,PUT,/api/instalaciones/[id]/estructuras-servicio/[estructuraId],allow,false,500
TENANT_B,none,instalaciones,update,PUT,/api/instalaciones/[id]/estructuras-servicio/[estructuraId],deny,false,500
TENANT_B,read,instalaciones,update,PUT,/api/instalaciones/[id]/estructuras-servicio/[estructuraId],deny,false,500
TENANT_B,editor,instalaciones,update,PUT,/api/instalaciones/[id]/estructuras-servicio/[estructuraId],allow,false,500
TENANT_B,admin,instalaciones,update,PUT,/api/instalaciones/[id]/estructuras-servicio/[estructuraId],allow,false,500
TENANT_A,none,instalaciones,delete,DELETE,/api/instalaciones/[id]/estructuras-servicio/[estructuraId],deny,false,500
TENANT_A,read,instalaciones,delete,DELETE,/api/instalaciones/[id]/estructuras-servicio/[estructuraId],deny,false,500
TENANT_A,editor,instalaciones,delete,DELETE,/api/instalaciones/[id]/estructuras-servicio/[estructuraId],deny,false,500
TENANT_A,admin,instalaciones,delete,DELETE,/api/instalaciones/[id]/estructuras-servicio/[estructuraId],allow,false,500
TENANT_B,none,instalaciones,delete,DELETE,/api/instalaciones/[id]/estructuras-servicio/[estructuraId],deny,false,500
TENANT_B,read,instalaciones,delete,DELETE,/api/instalaciones/[id]/estructuras-servicio/[estructuraId],deny,false,500
TENANT_B,editor,instalaciones,delete,DELETE,/api/instalaciones/[id]/estructuras-servicio/[estructuraId],deny,false,500
TENANT_B,admin,instalaciones,delete,DELETE,/api/instalaciones/[id]/estructuras-servicio/[estructuraId],allow,false,500
TENANT_A,none,instalaciones,delete,DELETE,/api/instalaciones/[id]/ppc/[ppcId],deny,false,500
TENANT_A,read,instalaciones,delete,DELETE,/api/instalaciones/[id]/ppc/[ppcId],deny,false,500
TENANT_A,editor,instalaciones,delete,DELETE,/api/instalaciones/[id]/ppc/[ppcId],deny,false,500
TENANT_A,admin,instalaciones,delete,DELETE,/api/instalaciones/[id]/ppc/[ppcId],allow,false,500
TENANT_B,none,instalaciones,delete,DELETE,/api/instalaciones/[id]/ppc/[ppcId],deny,false,500
TENANT_B,read,instalaciones,delete,DELETE,/api/instalaciones/[id]/ppc/[ppcId],deny,false,500
TENANT_B,editor,instalaciones,delete,DELETE,/api/instalaciones/[id]/ppc/[ppcId],deny,false,500
TENANT_B,admin,instalaciones,delete,DELETE,/api/instalaciones/[id]/ppc/[ppcId],allow,false,500
TENANT_A,none,instalaciones,create,POST,/api/instalaciones/[id]/ppc/desasignar,deny,false,500
TENANT_A,read,instalaciones,create,POST,/api/instalaciones/[id]/ppc/desasignar,deny,false,500
TENANT_A,editor,instalaciones,create,POST,/api/instalaciones/[id]/ppc/desasignar,allow,false,500
TENANT_A,admin,instalaciones,create,POST,/api/instalaciones/[id]/ppc/desasignar,allow,false,500
TENANT_B,none,instalaciones,create,POST,/api/instalaciones/[id]/ppc/desasignar,deny,false,500
TENANT_B,read,instalaciones,create,POST,/api/instalaciones/[id]/ppc/desasignar,deny,false,500
TENANT_B,editor,instalaciones,create,POST,/api/instalaciones/[id]/ppc/desasignar,allow,false,500
TENANT_B,admin,instalaciones,create,POST,/api/instalaciones/[id]/ppc/desasignar,allow,false,500
TENANT_A,none,instalaciones,create,POST,/api/instalaciones/[id]/ppc/desasignar_v2,deny,false,500
TENANT_A,read,instalaciones,create,POST,/api/instalaciones/[id]/ppc/desasignar_v2,deny,false,500
TENANT_A,editor,instalaciones,create,POST,/api/instalaciones/[id]/ppc/desasignar_v2,allow,false,500
TENANT_A,admin,instalaciones,create,POST,/api/instalaciones/[id]/ppc/desasignar_v2,allow,false,500
TENANT_B,none,instalaciones,create,POST,/api/instalaciones/[id]/ppc/desasignar_v2,deny,false,500
TENANT_B,read,instalaciones,create,POST,/api/instalaciones/[id]/ppc/desasignar_v2,deny,false,500
TENANT_B,editor,instalaciones,create,POST,/api/instalaciones/[id]/ppc/desasignar_v2,allow,false,500
TENANT_B,admin,instalaciones,create,POST,/api/instalaciones/[id]/ppc/desasignar_v2,allow,false,500
TENANT_A,none,instalaciones,delete,DELETE,/api/instalaciones/[id]/turnos/[turnoId],deny,false,500
TENANT_A,read,instalaciones,delete,DELETE,/api/instalaciones/[id]/turnos/[turnoId],deny,false,500
TENANT_A,editor,instalaciones,delete,DELETE,/api/instalaciones/[id]/turnos/[turnoId],deny,false,500
TENANT_A,admin,instalaciones,delete,DELETE,/api/instalaciones/[id]/turnos/[turnoId],allow,false,500
TENANT_B,none,instalaciones,delete,DELETE,/api/instalaciones/[id]/turnos/[turnoId],deny,false,500
TENANT_B,read,instalaciones,delete,DELETE,/api/instalaciones/[id]/turnos/[turnoId],deny,false,500
TENANT_B,editor,instalaciones,delete,DELETE,/api/instalaciones/[id]/turnos/[turnoId],deny,false,500
TENANT_B,admin,instalaciones,delete,DELETE,/api/instalaciones/[id]/turnos/[turnoId],allow,false,500
TENANT_A,none,payroll,create,POST,/api/payroll/estructuras/instalacion/create,deny,false,500
TENANT_A,read,payroll,create,POST,/api/payroll/estructuras/instalacion/create,deny,false,500
TENANT_A,editor,payroll,create,POST,/api/payroll/estructuras/instalacion/create,deny,false,500
TENANT_A,admin,payroll,create,POST,/api/payroll/estructuras/instalacion/create,deny,false,500
TENANT_B,none,payroll,create,POST,/api/payroll/estructuras/instalacion/create,deny,false,500
TENANT_B,read,payroll,create,POST,/api/payroll/estructuras/instalacion/create,deny,false,500
TENANT_B,editor,payroll,create,POST,/api/payroll/estructuras/instalacion/create,deny,false,500
TENANT_B,admin,payroll,create,POST,/api/payroll/estructuras/instalacion/create,deny,false,500
TENANT_A,none,payroll,create,POST,/api/payroll/estructuras/instalacion/ensure,deny,false,500
TENANT_A,read,payroll,create,POST,/api/payroll/estructuras/instalacion/ensure,deny,false,500
TENANT_A,editor,payroll,create,POST,/api/payroll/estructuras/instalacion/ensure,deny,false,500
TENANT_A,admin,payroll,create,POST,/api/payroll/estructuras/instalacion/ensure,deny,false,500
TENANT_B,none,payroll,create,POST,/api/payroll/estructuras/instalacion/ensure,deny,false,500
TENANT_B,read,payroll,create,POST,/api/payroll/estructuras/instalacion/ensure,deny,false,500
TENANT_B,editor,payroll,create,POST,/api/payroll/estructuras/instalacion/ensure,deny,false,500
TENANT_B,admin,payroll,create,POST,/api/payroll/estructuras/instalacion/ensure,deny,false,500
TENANT_A,none,payroll,create,POST,/api/payroll/estructuras/instalacion/items,deny,false,500
TENANT_A,read,payroll,create,POST,/api/payroll/estructuras/instalacion/items,deny,false,500
TENANT_A,editor,payroll,create,POST,/api/payroll/estructuras/instalacion/items,deny,false,500
TENANT_A,admin,payroll,create,POST,/api/payroll/estructuras/instalacion/items,deny,false,500
TENANT_B,none,payroll,create,POST,/api/payroll/estructuras/instalacion/items,deny,false,500
TENANT_B,read,payroll,create,POST,/api/payroll/estructuras/instalacion/items,deny,false,500
TENANT_B,editor,payroll,create,POST,/api/payroll/estructuras/instalacion/items,deny,false,500
TENANT_B,admin,payroll,create,POST,/api/payroll/estructuras/instalacion/items,deny,false,500
TENANT_A,none,payroll,update,PATCH,/api/payroll/estructuras-guardia/[id]/cerrar,deny,false,500
TENANT_A,read,payroll,update,PATCH,/api/payroll/estructuras-guardia/[id]/cerrar,deny,false,500
TENANT_A,editor,payroll,update,PATCH,/api/payroll/estructuras-guardia/[id]/cerrar,allow,false,500
TENANT_A,admin,payroll,update,PATCH,/api/payroll/estructuras-guardia/[id]/cerrar,allow,false,500
TENANT_B,none,payroll,update,PATCH,/api/payroll/estructuras-guardia/[id]/cerrar,deny,false,500
TENANT_B,read,payroll,update,PATCH,/api/payroll/estructuras-guardia/[id]/cerrar,deny,false,500
TENANT_B,editor,payroll,update,PATCH,/api/payroll/estructuras-guardia/[id]/cerrar,allow,false,500
TENANT_B,admin,payroll,update,PATCH,/api/payroll/estructuras-guardia/[id]/cerrar,allow,false,500
TENANT_A,none,instalaciones,read:detail,GET,/api/instalaciones/[id]/puestos/[puestoId],deny,false,500
TENANT_A,read,instalaciones,read:detail,GET,/api/instalaciones/[id]/puestos/[puestoId],allow,false,500
TENANT_A,editor,instalaciones,read:detail,GET,/api/instalaciones/[id]/puestos/[puestoId],allow,false,500
TENANT_A,admin,instalaciones,read:detail,GET,/api/instalaciones/[id]/puestos/[puestoId],allow,false,500
TENANT_B,none,instalaciones,read:detail,GET,/api/instalaciones/[id]/puestos/[puestoId],deny,false,500
TENANT_B,read,instalaciones,read:detail,GET,/api/instalaciones/[id]/puestos/[puestoId],allow,false,500
TENANT_B,editor,instalaciones,read:detail,GET,/api/instalaciones/[id]/puestos/[puestoId],allow,false,500
TENANT_B,admin,instalaciones,read:detail,GET,/api/instalaciones/[id]/puestos/[puestoId],allow,false,500
TENANT_A,none,instalaciones,update,PATCH,/api/instalaciones/[id]/puestos/[puestoId],deny,false,500
TENANT_A,read,instalaciones,update,PATCH,/api/instalaciones/[id]/puestos/[puestoId],deny,false,500
TENANT_A,editor,instalaciones,update,PATCH,/api/instalaciones/[id]/puestos/[puestoId],allow,false,500
TENANT_A,admin,instalaciones,update,PATCH,/api/instalaciones/[id]/puestos/[puestoId],allow,false,500
TENANT_B,none,instalaciones,update,PATCH,/api/instalaciones/[id]/puestos/[puestoId],deny,false,500
TENANT_B,read,instalaciones,update,PATCH,/api/instalaciones/[id]/puestos/[puestoId],deny,false,500
TENANT_B,editor,instalaciones,update,PATCH,/api/instalaciones/[id]/puestos/[puestoId],allow,false,500
TENANT_B,admin,instalaciones,update,PATCH,/api/instalaciones/[id]/puestos/[puestoId],allow,false,500
TENANT_A,none,payroll,update,PUT,/api/payroll/estructuras-guardia/items/[id],deny,false,500
TENANT_A,read,payroll,update,PUT,/api/payroll/estructuras-guardia/items/[id],deny,false,500
TENANT_A,editor,payroll,update,PUT,/api/payroll/estructuras-guardia/items/[id],allow,false,500
TENANT_A,admin,payroll,update,PUT,/api/payroll/estructuras-guardia/items/[id],allow,false,500
TENANT_B,none,payroll,update,PUT,/api/payroll/estructuras-guardia/items/[id],deny,false,500
TENANT_B,read,payroll,update,PUT,/api/payroll/estructuras-guardia/items/[id],deny,false,500
TENANT_B,editor,payroll,update,PUT,/api/payroll/estructuras-guardia/items/[id],allow,false,500
TENANT_B,admin,payroll,update,PUT,/api/payroll/estructuras-guardia/items/[id],allow,false,500
TENANT_A,none,payroll,delete,DELETE,/api/payroll/estructuras-guardia/items/[id],deny,false,500
TENANT_A,read,payroll,delete,DELETE,/api/payroll/estructuras-guardia/items/[id],deny,false,500
TENANT_A,editor,payroll,delete,DELETE,/api/payroll/estructuras-guardia/items/[id],deny,false,500
TENANT_A,admin,payroll,delete,DELETE,/api/payroll/estructuras-guardia/items/[id],deny,false,500
TENANT_B,none,payroll,delete,DELETE,/api/payroll/estructuras-guardia/items/[id],deny,false,500
TENANT_B,read,payroll,delete,DELETE,/api/payroll/estructuras-guardia/items/[id],deny,false,500
TENANT_B,editor,payroll,delete,DELETE,/api/payroll/estructuras-guardia/items/[id],deny,false,500
TENANT_B,admin,payroll,delete,DELETE,/api/payroll/estructuras-guardia/items/[id],deny,false,500
TENANT_A,none,guardias,read:detail,GET,/api/guardias/[id]/pagos/[pago_id]/csv,deny,false,500
TENANT_A,read,guardias,read:detail,GET,/api/guardias/[id]/pagos/[pago_id]/csv,allow,false,500
TENANT_A,editor,guardias,read:detail,GET,/api/guardias/[id]/pagos/[pago_id]/csv,allow,false,500
TENANT_A,admin,guardias,read:detail,GET,/api/guardias/[id]/pagos/[pago_id]/csv,allow,false,500
TENANT_B,none,guardias,read:detail,GET,/api/guardias/[id]/pagos/[pago_id]/csv,deny,false,500
TENANT_B,read,guardias,read:detail,GET,/api/guardias/[id]/pagos/[pago_id]/csv,allow,false,500
TENANT_B,editor,guardias,read:detail,GET,/api/guardias/[id]/pagos/[pago_id]/csv,allow,false,500
TENANT_B,admin,guardias,read:detail,GET,/api/guardias/[id]/pagos/[pago_id]/csv,allow,false,500
TENANT_A,none,instalaciones,create,POST,/api/instalaciones/[id]/ppc/[ppcId]/desasignar,deny,false,500
TENANT_A,read,instalaciones,create,POST,/api/instalaciones/[id]/ppc/[ppcId]/desasignar,deny,false,500
TENANT_A,editor,instalaciones,create,POST,/api/instalaciones/[id]/ppc/[ppcId]/desasignar,allow,false,500
TENANT_A,admin,instalaciones,create,POST,/api/instalaciones/[id]/ppc/[ppcId]/desasignar,allow,false,500
TENANT_B,none,instalaciones,create,POST,/api/instalaciones/[id]/ppc/[ppcId]/desasignar,deny,false,500
TENANT_B,read,instalaciones,create,POST,/api/instalaciones/[id]/ppc/[ppcId]/desasignar,deny,false,500
TENANT_B,editor,instalaciones,create,POST,/api/instalaciones/[id]/ppc/[ppcId]/desasignar,allow,false,500
TENANT_B,admin,instalaciones,create,POST,/api/instalaciones/[id]/ppc/[ppcId]/desasignar,allow,false,500
TENANT_A,none,instalaciones,create,POST,/api/instalaciones/[id]/ppc/[ppcId]/desasignar_v2,deny,false,500
TENANT_A,read,instalaciones,create,POST,/api/instalaciones/[id]/ppc/[ppcId]/desasignar_v2,deny,false,500
TENANT_A,editor,instalaciones,create,POST,/api/instalaciones/[id]/ppc/[ppcId]/desasignar_v2,allow,false,500
TENANT_A,admin,instalaciones,create,POST,/api/instalaciones/[id]/ppc/[ppcId]/desasignar_v2,allow,false,500
TENANT_B,none,instalaciones,create,POST,/api/instalaciones/[id]/ppc/[ppcId]/desasignar_v2,deny,false,500
TENANT_B,read,instalaciones,create,POST,/api/instalaciones/[id]/ppc/[ppcId]/desasignar_v2,deny,false,500
TENANT_B,editor,instalaciones,create,POST,/api/instalaciones/[id]/ppc/[ppcId]/desasignar_v2,allow,false,500
TENANT_B,admin,instalaciones,create,POST,/api/instalaciones/[id]/ppc/[ppcId]/desasignar_v2,allow,false,500
TENANT_A,none,instalaciones,create,POST,/api/instalaciones/[id]/turnos/[turnoId]/agregar-ppcs,deny,false,500
TENANT_A,read,instalaciones,create,POST,/api/instalaciones/[id]/turnos/[turnoId]/agregar-ppcs,deny,false,500
TENANT_A,editor,instalaciones,create,POST,/api/instalaciones/[id]/turnos/[turnoId]/agregar-ppcs,allow,false,500
TENANT_A,admin,instalaciones,create,POST,/api/instalaciones/[id]/turnos/[turnoId]/agregar-ppcs,allow,false,500
TENANT_B,none,instalaciones,create,POST,/api/instalaciones/[id]/turnos/[turnoId]/agregar-ppcs,deny,false,500
TENANT_B,read,instalaciones,create,POST,/api/instalaciones/[id]/turnos/[turnoId]/agregar-ppcs,deny,false,500
TENANT_B,editor,instalaciones,create,POST,/api/instalaciones/[id]/turnos/[turnoId]/agregar-ppcs,allow,false,500
TENANT_B,admin,instalaciones,create,POST,/api/instalaciones/[id]/turnos/[turnoId]/agregar-ppcs,allow,false,500
TENANT_A,none,instalaciones,delete,DELETE,/api/instalaciones/[id]/turnos/[turnoId]/eliminar_turno_v2,deny,false,500
TENANT_A,read,instalaciones,delete,DELETE,/api/instalaciones/[id]/turnos/[turnoId]/eliminar_turno_v2,deny,false,500
TENANT_A,editor,instalaciones,delete,DELETE,/api/instalaciones/[id]/turnos/[turnoId]/eliminar_turno_v2,deny,false,500
TENANT_A,admin,instalaciones,delete,DELETE,/api/instalaciones/[id]/turnos/[turnoId]/eliminar_turno_v2,allow,false,500
TENANT_B,none,instalaciones,delete,DELETE,/api/instalaciones/[id]/turnos/[turnoId]/eliminar_turno_v2,deny,false,500
TENANT_B,read,instalaciones,delete,DELETE,/api/instalaciones/[id]/turnos/[turnoId]/eliminar_turno_v2,deny,false,500
TENANT_B,editor,instalaciones,delete,DELETE,/api/instalaciones/[id]/turnos/[turnoId]/eliminar_turno_v2,deny,false,500
TENANT_B,admin,instalaciones,delete,DELETE,/api/instalaciones/[id]/turnos/[turnoId]/eliminar_turno_v2,allow,false,500
TENANT_A,none,payroll,update,PATCH,/api/payroll/estructuras/instalacion/[id]/cerrar,deny,false,500
TENANT_A,read,payroll,update,PATCH,/api/payroll/estructuras/instalacion/[id]/cerrar,deny,false,500
TENANT_A,editor,payroll,update,PATCH,/api/payroll/estructuras/instalacion/[id]/cerrar,allow,false,500
TENANT_A,admin,payroll,update,PATCH,/api/payroll/estructuras/instalacion/[id]/cerrar,allow,false,500
TENANT_B,none,payroll,update,PATCH,/api/payroll/estructuras/instalacion/[id]/cerrar,deny,false,500
TENANT_B,read,payroll,update,PATCH,/api/payroll/estructuras/instalacion/[id]/cerrar,deny,false,500
TENANT_B,editor,payroll,update,PATCH,/api/payroll/estructuras/instalacion/[id]/cerrar,allow,false,500
TENANT_B,admin,payroll,update,PATCH,/api/payroll/estructuras/instalacion/[id]/cerrar,allow,false,500
TENANT_A,none,payroll,update,PUT,/api/payroll/estructuras/instalacion/sueldo-base/[estructura_id],deny,false,500
TENANT_A,read,payroll,update,PUT,/api/payroll/estructuras/instalacion/sueldo-base/[estructura_id],deny,false,500
TENANT_A,editor,payroll,update,PUT,/api/payroll/estructuras/instalacion/sueldo-base/[estructura_id],allow,false,500
TENANT_A,admin,payroll,update,PUT,/api/payroll/estructuras/instalacion/sueldo-base/[estructura_id],allow,false,500
TENANT_B,none,payroll,update,PUT,/api/payroll/estructuras/instalacion/sueldo-base/[estructura_id],deny,false,500
TENANT_B,read,payroll,update,PUT,/api/payroll/estructuras/instalacion/sueldo-base/[estructura_id],deny,false,500
TENANT_B,editor,payroll,update,PUT,/api/payroll/estructuras/instalacion/sueldo-base/[estructura_id],allow,false,500
TENANT_B,admin,payroll,update,PUT,/api/payroll/estructuras/instalacion/sueldo-base/[estructura_id],allow,false,500
TENANT_A,none,payroll,delete,DELETE,/api/payroll/estructuras/instalacion/sueldo-base/[estructura_id],deny,false,500
TENANT_A,read,payroll,delete,DELETE,/api/payroll/estructuras/instalacion/sueldo-base/[estructura_id],deny,false,500
TENANT_A,editor,payroll,delete,DELETE,/api/payroll/estructuras/instalacion/sueldo-base/[estructura_id],deny,false,500
TENANT_A,admin,payroll,delete,DELETE,/api/payroll/estructuras/instalacion/sueldo-base/[estructura_id],deny,false,500
TENANT_B,none,payroll,delete,DELETE,/api/payroll/estructuras/instalacion/sueldo-base/[estructura_id],deny,false,500
TENANT_B,read,payroll,delete,DELETE,/api/payroll/estructuras/instalacion/sueldo-base/[estructura_id],deny,false,500
TENANT_B,editor,payroll,delete,DELETE,/api/payroll/estructuras/instalacion/sueldo-base/[estructura_id],deny,false,500
TENANT_B,admin,payroll,delete,DELETE,/api/payroll/estructuras/instalacion/sueldo-base/[estructura_id],deny,false,500
TENANT_A,none,payroll,update,PUT,/api/payroll/estructuras/instalacion/items/[id],deny,false,500
TENANT_A,read,payroll,update,PUT,/api/payroll/estructuras/instalacion/items/[id],deny,false,500
TENANT_A,editor,payroll,update,PUT,/api/payroll/estructuras/instalacion/items/[id],allow,false,500
TENANT_A,admin,payroll,update,PUT,/api/payroll/estructuras/instalacion/items/[id],allow,false,500
TENANT_B,none,payroll,update,PUT,/api/payroll/estructuras/instalacion/items/[id],deny,false,500
TENANT_B,read,payroll,update,PUT,/api/payroll/estructuras/instalacion/items/[id],deny,false,500
TENANT_B,editor,payroll,update,PUT,/api/payroll/estructuras/instalacion/items/[id],allow,false,500
TENANT_B,admin,payroll,update,PUT,/api/payroll/estructuras/instalacion/items/[id],allow,false,500
TENANT_A,none,payroll,delete,DELETE,/api/payroll/estructuras/instalacion/items/[id],deny,false,500
TENANT_A,read,payroll,delete,DELETE,/api/payroll/estructuras/instalacion/items/[id],deny,false,500
TENANT_A,editor,payroll,delete,DELETE,/api/payroll/estructuras/instalacion/items/[id],deny,false,500
TENANT_A,admin,payroll,delete,DELETE,/api/payroll/estructuras/instalacion/items/[id],deny,false,500
TENANT_B,none,payroll,delete,DELETE,/api/payroll/estructuras/instalacion/items/[id],deny,false,500
TENANT_B,read,payroll,delete,DELETE,/api/payroll/estructuras/instalacion/items/[id],deny,false,500
TENANT_B,editor,payroll,delete,DELETE,/api/payroll/estructuras/instalacion/items/[id],deny,false,500
TENANT_B,admin,payroll,delete,DELETE,/api/payroll/estructuras/instalacion/items/[id],deny,false,500
TENANT_A,none,pauta-diaria,read:detail,GET,/api/pauta-diaria/turno-extra/planillas/[id]/descargar,deny,false,500
TENANT_A,read,pauta-diaria,read:detail,GET,/api/pauta-diaria/turno-extra/planillas/[id]/descargar,allow,false,500
TENANT_A,editor,pauta-diaria,read:detail,GET,/api/pauta-diaria/turno-extra/planillas/[id]/descargar,allow,false,500
TENANT_A,admin,pauta-diaria,read:detail,GET,/api/pauta-diaria/turno-extra/planillas/[id]/descargar,allow,false,500
TENANT_B,none,pauta-diaria,read:detail,GET,/api/pauta-diaria/turno-extra/planillas/[id]/descargar,deny,false,500
TENANT_B,read,pauta-diaria,read:detail,GET,/api/pauta-diaria/turno-extra/planillas/[id]/descargar,allow,false,500
TENANT_B,editor,pauta-diaria,read:detail,GET,/api/pauta-diaria/turno-extra/planillas/[id]/descargar,allow,false,500
TENANT_B,admin,pauta-diaria,read:detail,GET,/api/pauta-diaria/turno-extra/planillas/[id]/descargar,allow,false,500
TENANT_A,none,pauta-diaria,delete,DELETE,/api/pauta-diaria/turno-extra/planillas/[id]/eliminar,deny,false,500
TENANT_A,read,pauta-diaria,delete,DELETE,/api/pauta-diaria/turno-extra/planillas/[id]/eliminar,deny,false,500
TENANT_A,editor,pauta-diaria,delete,DELETE,/api/pauta-diaria/turno-extra/planillas/[id]/eliminar,deny,false,500
TENANT_A,admin,pauta-diaria,delete,DELETE,/api/pauta-diaria/turno-extra/planillas/[id]/eliminar,deny,false,500
TENANT_B,none,pauta-diaria,delete,DELETE,/api/pauta-diaria/turno-extra/planillas/[id]/eliminar,deny,false,500
TENANT_B,read,pauta-diaria,delete,DELETE,/api/pauta-diaria/turno-extra/planillas/[id]/eliminar,deny,false,500
TENANT_B,editor,pauta-diaria,delete,DELETE,/api/pauta-diaria/turno-extra/planillas/[id]/eliminar,deny,false,500
TENANT_B,admin,pauta-diaria,delete,DELETE,/api/pauta-diaria/turno-extra/planillas/[id]/eliminar,deny,false,500
TENANT_A,none,pauta-diaria,create,POST,/api/pauta-diaria/turno-extra/planillas/[id]/marcar-pagada,deny,false,500
TENANT_A,read,pauta-diaria,create,POST,/api/pauta-diaria/turno-extra/planillas/[id]/marcar-pagada,deny,false,500
TENANT_A,editor,pauta-diaria,create,POST,/api/pauta-diaria/turno-extra/planillas/[id]/marcar-pagada,deny,false,500
TENANT_A,admin,pauta-diaria,create,POST,/api/pauta-diaria/turno-extra/planillas/[id]/marcar-pagada,deny,false,500
TENANT_B,none,pauta-diaria,create,POST,/api/pauta-diaria/turno-extra/planillas/[id]/marcar-pagada,deny,false,500
TENANT_B,read,pauta-diaria,create,POST,/api/pauta-diaria/turno-extra/planillas/[id]/marcar-pagada,deny,false,500
TENANT_B,editor,pauta-diaria,create,POST,/api/pauta-diaria/turno-extra/planillas/[id]/marcar-pagada,deny,false,500
TENANT_B,admin,pauta-diaria,create,POST,/api/pauta-diaria/turno-extra/planillas/[id]/marcar-pagada,deny,false,500